status, area, compactness, avg. boundary intensity, min. boundary intensity, max. boundary intensity, mean hue, mean saturation, mean intensity, mean gradient magnitude, energy, entropy, ratio
1, 6723, 0.0075847028, 0.014780372, 255, 6.8958333, 6.8958333, 183.25, 149.375, 0.0026511504, 0.0017264668, 0.84621212
1, 10862, 0.014816205, 0.023879875, 255, 4.7096774, 4.7096774, 204.41935, 182.24194, 0.0038199954, 0.0020822184, 0.84621212
-1, 71695, 0.053467771, 0.15761993, 255, 9.9779221, 9.9779221, 157.72597, 86.246753, 0.036605225, 0.022666769, 0.84621212
-1, 32709, 0.035997547, 0.071910038, 255, 8.4090909, 8.4090909, 147.54848, 112.84848, 0.014675667, 0.0099302549, 0.84621212
-1, 76675, 0.1003679, 0.16856835, 255, 6.795122, 6.795122, 166.41951, 134.08293, 0.030848106, 0.01704484, 0.84621212
-1, 15898, 0.0348975, 0.034951414, 255, 3.4186047, 3.4186047, 208.95349, 182.16279, 0.0054162315, 0.0026632925, 0.84621212
-1, 16881, 0.031200681, 0.037112518, 255, 2.3414634, 2.3414634, 223.23171, 197.14634, 0.0055172019, 0.0024772212, 0.84621212
-1, 91938, 0.14959526, 0.20212373, 255, 8.6185738, 8.6185738, 181.03151, 174.46103, 0.032901873, 0.01639585, 0.84621212
-1, 15225, 0.029600676, 0.033471837, 255, 5.8095238, 5.8095238, 202.21429, 197.83333, 0.0051196499, 0.0026489522, 0.84621212
-1, 202233, 0.25723134, 0.44460493, 255, 8.9501025, 8.9501025, 171.79768, 148.05468, 0.075754904, 0.035830233, 0.84621212
-1, 26131, 0.042042755, 0.057448446, 255, 7.3466667, 7.3466667, 191.77333, 174.52667, 0.0086701901, 0.0045809606, 0.84621212
-1, 181408, 0.20661406, 0.39882162, 255, 9.6179922, 9.6179922, 153.9824, 119.5189, 0.071194359, 0.041287474, 0.84621212
-1, 153119, 0.17036271, 0.33662885, 255, 12.003487, 12.003487, 141.37029, 123.03417, 0.061102144, 0.03752955, 0.84621212
-1, 89442, 0.12616915, 0.19663633, 255, 8.0708861, 8.0708861, 148.57848, 122.01013, 0.035377908, 0.021321539, 0.84621212
-1, 19025, 0.029331385, 0.041826056, 255, 6.2406015, 6.2406015, 170.39098, 196.71429, 0.0068304195, 0.0041627563, 0.84621212
-1, 84140, 0.10485109, 0.18497999, 255, 9.5113501, 9.5113501, 136.37515, 123.9307, 0.034404071, 0.022947414, 0.84621212
-1, 38598, 0.069483156, 0.084856879, 255, 4.8009259, 4.8009259, 197.06019, 183.60648, 0.012829265, 0.0062246663, 0.84621212
-1, 30251, 0.05534887, 0.066506178, 255, 3.3081761, 3.3081761, 206.57862, 190.93711, 0.0098999188, 0.0046215756, 0.84621212
-1, 10309, 0.020825541, 0.022664116, 255, 0.76744186, 0.76744186, 244.2093, 210.34884, 0.0031650444, 0.0013043806, 0.84621212
-1, 7133, 0.011525701, 0.015681748, 255, 2.1176471, 2.1176471, 222.67647, 202.35294, 0.0022819304, 0.0011078031, 0.84621212
-1, 12619, 0.025118788, 0.027742602, 255, 2.1864407, 2.1864407, 227.11864, 209.13559, 0.0040388148, 0.0017968622, 0.84621212
-1, 13357, 0.021651562, 0.029365079, 255, 4.675, 4.675, 189.5125, 182.175, 0.0045695874, 0.0025746482, 0.84621212
-1, 15277, 0.033406852, 0.033586158, 255, 4.78125, 4.78125, 184.13542, 172.34375, 0.0053279201, 0.0030549627, 0.84621212
-1, 8051, 0.013260286, 0.017699952, 255, 5.0588235, 5.0588235, 183.4902, 175.64706, 0.0028205395, 0.0017229315, 0.84621212
-1, 6722, 0.012868986, 0.014778174, 255, 3.7222222, 3.7222222, 204.08333, 207.83333, 0.0022144159, 0.0011938092, 0.84621212
-1, 6848, 0.010972176, 0.015055182, 255, 2.5454545, 2.5454545, 219.18182, 198.18182, 0.0021800558, 0.0010756513, 0.84621212
-1, 7059, 0.013786442, 0.015519061, 255, 2.2727273, 2.2727273, 225.18182, 198.87879, 0.0022397338, 0.0010637451, 0.84621212
-1, 7193, 0.010445914, 0.015813657, 255, 2.9189189, 2.9189189, 214.83784, 199.48649, 0.0023958611, 0.0011990148, 0.84621212
-1, 7523, 0.012330493, 0.016539155, 255, 3.275, 3.275, 210.975, 203.8, 0.0025435491, 0.0013112644, 0.84621212
-1, 14253, 0.020127452, 0.031334916, 255, 4.6122449, 4.6122449, 178.29592, 149.62245, 0.0052664337, 0.0031392293, 0.84621212
-1, 47777, 0.059493792, 0.10503671, 255, 6.6845966, 6.6845966, 164.44499, 134.15892, 0.020271836, 0.012765343, 0.84621212
-1, 3144578, 0.29210843, 6.9132876, 255, 19.032446, 19.032446, 135.96456, 31.638048, 0.47175143, 0.77755857, 0.84621212
-1, 82586, 0.059198968, 0.18156356, 255, 8.3170426, 8.3170426, 154.91228, 81.760652, 0.010992592, 0.022459196, 0.84621212
-1, 31090, 0.049075923, 0.068350701, 255, 4.4722222, 4.4722222, 202.61111, 161.87778, 0.0032430015, 0.0054114419, 0.84621212
-1, 55680, 0.049479468, 0.12241129, 255, 8.5571726, 8.5571726, 161.93555, 104.79834, 0.006926258, 0.014059566, 0.84621212
-1, 37612, 0.027605083, 0.082689179, 255, 8.9078947, 8.9078947, 176.80592, 108.65461, 0.0047794924, 0.0094614038, 0.84621212
-1, 19361, 0.016371778, 0.042564745, 255, 7.48, 7.48, 172.82, 131.9, 0.0023051365, 0.004935361, 0.84621212
-1, 29325, 0.042204561, 0.064470386, 255, 5.239521, 5.239521, 199.72455, 166.30539, 0.0029659191, 0.0050017801, 0.84621212
-1, 36394, 0.045572138, 0.080011432, 255, 11.004149, 11.004149, 175.35685, 142.72614, 0.0037579513, 0.0073365257, 0.84621212
-1, 54637, 0.094927685, 0.12011828, 255, 1.7467811, 1.7467811, 240.22747, 155.94421, 0.0049772559, 0.006061851, 0.84621212
-1, 17074, 0.029784847, 0.037536825, 255, 2.2666667, 2.2666667, 235.76, 188.92, 0.0015723266, 0.0022504281, 0.84621212
1, 43438, 0.014213698, 0.095497516, 255, 8.4633028, 8.4633028, 167.20183, 78.75, 0.014726336, 0.014797058, 0.84621212
1, 84847, 0.076298261, 0.18653432, 255, 5.7959815, 5.7959815, 171.62751, 124.23493, 0.022431502, 0.019266821, 0.84621212
-1, 1395197, 0.38619012, 3.0673108, 255, 9.2777549, 9.2777549, 139.02145, 57.055921, 0.40979231, 0.32530192, 0.84621212
-1, 37779, 0.028286129, 0.083056325, 255, 8.1554054, 8.1554054, 184.61149, 105.89865, 0.021913705, 0.0090072853, 0.84621212
-1, 41476, 0.054729816, 0.091184101, 255, 5.7735849, 5.7735849, 201.09811, 142.55094, 0.021370724, 0.0079496754, 0.84621212
-1, 200682, 0.10196329, 0.44119509, 255, 14.986216, 14.986216, 164.23559, 83.816416, 0.1051152, 0.041848414, 0.84621212
-1, 83061, 0.18564152, 0.18260784, 255, 0.47904192, 0.47904192, 251.24251, 191.67964, 0.033651542, 0.0078727426, 0.84621212
-1, 35793, 0.060807418, 0.078690146, 255, 3.295858, 3.295858, 229.79882, 201.17751, 0.015573989, 0.0048864787, 0.84621212
-1, 121457, 0.21336385, 0.26702062, 255, 1.1550696, 1.1550696, 246.90457, 173.2167, 0.049803801, 0.01168721, 0.84621212
-1, 593840, 0.34164401, 1.3055446, 255, 13.953585, 13.953585, 170.54206, 85.480729, 0.3300534, 0.107779, 0.84621212
-1, 29537, 0.042364085, 0.064936464, 255, 4.3292683, 4.3292683, 210.2378, 156.90854, 0.013826748, 0.0049449061, 0.84621212
-1, 76200, 0.090595409, 0.16752407, 255, 11.893822, 11.893822, 184.72394, 123.88031, 0.038372342, 0.014350712, 0.84621212
1, 7727, 0.0097240146, 0.0038573283, 255, 8.3472222, 8.3472222, 155.86111, 134.90278, 0.079724354, 0.00066860393, 1.8863636
1, 9687, 0.013171169, 0.0048357628, 255, 7.9032258, 7.9032258, 149.11828, 157.95699, 0.098522307, 0.00084121746, 1.8863636
1, 8141, 0.010470062, 0.0040639976, 255, 8.3417722, 8.3417722, 147.51899, 133.02532, 0.082793407, 0.00069669058, 1.8863636
1, 23877, 0.029286086, 0.011919429, 255, 9.8668831, 9.8668831, 132.51948, 109.24026, 0.28996874, 0.0026019369, 1.8863636
-1, 32252, 0.028458862, 0.01610024, 255, 8.7258486, 8.7258486, 148.98695, 90.007833, 0.58426253, 0.0030004543, 1.8901515
1, 23877, 0.029286086, 0.011919429, 255, 9.8668831, 9.8668831, 132.51948, 109.24026, 0.28996874, 0.0026019369, 1.8863636
1, 8141, 0.010470062, 0.0040639976, 255, 8.3417722, 8.3417722, 147.51899, 133.02532, 0.082793407, 0.00069669058, 1.8863636
1, 9687, 0.013171169, 0.0048357628, 255, 7.9032258, 7.9032258, 149.11828, 157.95699, 0.098522307, 0.00084121746, 1.8863636
1, 7727, 0.0097240146, 0.0038573283, 255, 8.3472222, 8.3472222, 155.86111, 134.90278, 0.079724354, 0.00066860393, 1.8863636
1, 13967, 0.024081117, 0.0069723442, 255, 9.2051282, 9.2051282, 150.23077, 140.62179, 0.027715887, 0.0013379232, 1.8878788
1, 15027, 0.023366807, 0.0075014976, 255, 9.1052632, 9.1052632, 156.77632, 133.44079, 0.02818184, 0.0013104696, 1.8878788
1, 8776, 0.012955492, 0.0043809904, 255, 9.4615385, 9.4615385, 155.92308, 135.03297, 0.016780198, 0.00082567334, 1.8878788
1, 26274, 0.036703418, 0.013116014, 255, 11.466102, 11.466102, 142.32486, 108.42938, 0.059583954, 0.002904387, 1.8878788
1, 10849, 0.017518065, 0.0054158347, 255, 6.9367089, 6.9367089, 180.77215, 183.16456, 0.016888999, 0.00068607338, 1.8878788
1, 12607, 0.018600576, 0.0062934305, 255, 11.615385, 11.615385, 137.63736, 109.17033, 0.029624636, 0.0016119665, 1.8878788
1, 9594, 0.014491789, 0.0047893371, 255, 9.5353535, 9.5353535, 156.75758, 133.37374, 0.018353083, 0.00087223522, 1.8878788
1, 10701, 0.014649872, 0.0053419529, 255, 10.176471, 10.176471, 140.36975, 127.88235, 0.019754488, 0.0010433989, 1.8878788
1, 6102, 0.0093164041, 0.0030461262, 255, 8.3148148, 8.3148148, 151.18519, 164.01852, 0.0096549114, 0.00048272926, 1.8878788
1, 8063, 0.010728677, 0.0040250599, 255, 10.589744, 10.589744, 165.15385, 133.08974, 0.015234514, 0.00070734433, 1.8878788
1, 23807, 0.032316278, 0.011884485, 255, 10.581132, 10.581132, 154.21132, 121.49434, 0.048328958, 0.0022269294, 1.8878788
1, 6201, 0.0097447736, 0.0030955471, 255, 8.0588235, 8.0588235, 171.15686, 161.98039, 0.010323092, 0.0004581227, 1.8878788
1, 6281, 0.0090508992, 0.0031354832, 255, 7.9310345, 7.9310345, 158.91379, 161.22414, 0.010900211, 0.00053084752, 1.8878788
1, 8196, 0.012853683, 0.0040914537, 255, 6.7692308, 6.7692308, 169.09231, 171.43077, 0.012998179, 0.00057195371, 1.8878788
1, 7403, 0.0097663081, 0.0036955871, 255, 9.974026, 9.974026, 158.28571, 129.90909, 0.014413775, 0.0007145729, 1.8878788
1, 5712, 0.00795755, 0.0028514377, 255, 7.98, 7.98, 161.82, 153.8, 0.0095685801, 0.00045785288, 1.8878788
1, 7189, 0.010057029, 0.003588758, 255, 9.1066667, 9.1066667, 151.76, 128.72, 0.013460583, 0.00067952572, 1.8878788
1, 8573, 0.012521317, 0.0042796526, 255, 8.925, 8.925, 158.1875, 160.375, 0.014966059, 0.00070671912, 1.8878788
1, 32251, 0.050695592, 0.01609974, 255, 11.067285, 11.067285, 147.84455, 110.0232, 0.075357743, 0.0035855998, 1.8878788
1, 8666, 0.013529741, 0.0043260783, 255, 9.5360825, 9.5360825, 154.12371, 128.17526, 0.017680172, 0.00085428858, 1.8878788
-1, 10327, 0.016163215, 0.0051552516, 255, 8.8058252, 8.8058252, 151.41748, 144.1068, 0.018444145, 0.00088733208, 1.8878788
-1, 9553, 0.014723445, 0.0047688698, 255, 10.297297, 10.297297, 163.35135, 120.63964, 0.02144327, 0.00099279999, 1.8878788
-1, 10911, 0.01844123, 0.0054467851, 255, 7.3777778, 7.3777778, 172.08889, 144.96667, 0.018316422, 0.00078152731, 1.8878788
-1, 9065, 0.013904854, 0.0045252596, 255, 7.3375, 7.3375, 165.9625, 162.125, 0.015701649, 0.00072035112, 1.8878788
-1, 8508, 0.013363587, 0.0042472045, 255, 9.8586957, 9.8586957, 130.40217, 135.16304, 0.014187895, 0.00078581867, 1.8878788
-1, 9924, 0.015553572, 0.0049540735, 255, 8.7676768, 8.7676768, 145.63636, 154, 0.017051018, 0.00086470688, 1.8878788
-1, 11207, 0.015991167, 0.0055945487, 255, 11.46875, 11.46875, 138.26562, 120.89844, 0.020930013, 0.001112595, 1.8878788
1, 106137, 0.048690408, 0.052983726, 255, 16.663976, 16.663976, 111.32442, 46.692735, 0.43656635, 0.014023664, 1.8878788
-1, 31289, 0.023766943, 0.015619509, 255, 11.125984, 11.125984, 162.45932, 78.146982, 0.34479167, 0.0030315989, 1.8909091
-1, 30452, 0.024125136, 0.015201677, 255, 11.306502, 11.306502, 174.01858, 85.79257, 0.3131016, 0.002554286, 1.8909091
1, 9733, 0.011322375, 0.004858726, 255, 10.752688, 10.752688, 153.89247, 134.23656, 0.32071709, 0.00082925532, 1.8909091
1, 8874, 0.010602374, 0.0044299121, 255, 9.0609756, 9.0609756, 148.36585, 149.12195, 0.27262745, 0.00072621036, 1.8909091
1, 45356, 0.032279623, 0.022641773, 255, 11.256494, 11.256494, 135.73052, 76.967532, 0.40629784, 0.0049326071, 1.8909091
1, 17177, 0.014855809, 0.0085747804, 255, 10.680628, 10.680628, 145.95288, 96.120419, 0.13546663, 0.0016451031, 1.8909091
1, 126156, 0.21510058, 0.062977236, 255, 18.625953, 18.625953, 170.48653, 37.305777, 0.13858403, 0.040390551, 1.8886364
1, 57844, 0.10189343, 0.028875799, 255, 16.371984, 16.371984, 160.70777, 61.038874, 0.033018402, 0.011204391, 1.8886364
1, 11533, 0.019287121, 0.0057572883, 255, 13.710383, 13.710383, 169.61202, 92.147541, 0.0042742316, 0.0015651259, 1.8886364
1, 22603, 0.03788938, 0.011283446, 255, 18.335203, 18.335203, 171.04067, 51.86676, 0.016793424, 0.0058498308, 1.8886364
1, 11564, 0.0180487, 0.0057727636, 255, 14.855491, 14.855491, 183.95376, 87.017341, 0.0043823302, 0.001496424, 1.8886364
1, 14868, 0.026546584, 0.0074221246, 255, 13.421538, 13.421538, 149.03692, 75.458462, 0.0066700267, 0.0026953779, 1.8886364
1, 9475, 0.017539391, 0.0047299321, 255, 12.071429, 12.071429, 135.82857, 110.47857, 0.002618602, 0.0012042571, 1.8886364
1, 16155, 0.027538021, 0.0080645966, 255, 13.86875, 13.86875, 131.08437, 79.23125, 0.0057763199, 0.0026564375, 1.8886364
1, 9460, 0.015708399, 0.0047224441, 255, 13.624, 13.624, 170.952, 102.328, 0.0029426224, 0.0010765363, 1.8886364
1, 7150, 0.012098647, 0.0035692891, 255, 9.8630137, 9.8630137, 180.50685, 129.9863, 0.0018145414, 0.00063021894, 1.8886364
1, 6389, 0.011499245, 0.003189397, 255, 10.68254, 10.68254, 184.88889, 136.85714, 0.0016039901, 0.00055869116, 1.8886364
1, 73565, 0.1190934, 0.036723742, 255, 20.172215, 20.172215, 175.75757, 41.796308, 0.079965822, 0.024786469, 1.8886364
1, 36272, 0.062476698, 0.018107029, 255, 18.013781, 18.013781, 172.0112, 53.091301, 0.027500417, 0.0092320545, 1.8886364
1, 5373, 0.0084596177, 0.0026822085, 255, 10.346154, 10.346154, 188.03846, 130.76923, 0.0013464814, 0.00046390941, 1.8886364
1, 6383, 0.0091364201, 0.0031864018, 255, 10.283333, 10.283333, 192.11667, 127.4, 0.0015873278, 0.00052675273, 1.8886364
1, 6900, 0.011484565, 0.0034444888, 255, 10.265625, 10.265625, 191.20312, 141.17188, 0.0016850985, 0.00055142527, 1.8886364
1, 5880, 0.0096681459, 0.0029353035, 255, 10.807018, 10.807018, 190.10526, 129.59649, 0.0014921735, 0.00050358695, 1.8886364
1, 7666, 0.012100482, 0.003826877, 255, 10.171429, 10.171429, 193.41429, 129.47143, 0.0018643907, 0.00060961006, 1.8886364
1, 39396, 0.066422635, 0.019666534, 255, 17.482702, 17.482702, 165.59473, 52.946458, 0.027683151, 0.0094193723, 1.8886364
1, 11019, 0.017490862, 0.0055006989, 255, 12.592, 12.592, 178.6, 122.448, 0.0030742685, 0.0010583058, 1.8886364
1, 97524, 0.1612334, 0.048684105, 255, 19.325207, 19.325207, 164.42838, 41.559643, 0.1040203, 0.032585371, 1.8886364
1, 22165, 0.03596212, 0.011064796, 255, 18.313214, 18.313214, 161.16966, 65.401305, 0.01360486, 0.0051905951, 1.8886364
1, 15178, 0.026438781, 0.007576877, 255, 17.264305, 17.264305, 155.09537, 69.024523, 0.0078381799, 0.0030848696, 1.8886364
1, 12540, 0.019345434, 0.006259984, 255, 13.097826, 13.097826, 155.75, 88.076087, 0.0039463556, 0.0015393195, 1.8886364
1, 15916, 0.025284276, 0.0079452875, 255, 14.130282, 14.130282, 151.17958, 84.894366, 0.0059123727, 0.0023429375, 1.8886364
1, 7420, 0.012076348, 0.0037040735, 255, 10.128571, 10.128571, 183.2, 137.75714, 0.0017659315, 0.00061648764, 1.8886364
1, 11758, 0.018744799, 0.0058696086, 255, 11.322835, 11.322835, 180.69291, 120.51181, 0.0031600589, 0.0010685754, 1.8886364
1, 19760, 0.034328142, 0.0098642173, 255, 16.049505, 16.049505, 151.38861, 79.970297, 0.0084221876, 0.0033880998, 1.8886364
1, 10003, 0.016262616, 0.0049935104, 255, 14.64, 14.64, 147.77333, 92.706667, 0.0030523734, 0.0012923866, 1.8886364
1, 8469, 0.013253322, 0.0042277356, 255, 11.782609, 11.782609, 169.84783, 130.79348, 0.0021517814, 0.00079875917, 1.8886364
1, 10250, 0.016284636, 0.0051168131, 255, 12.21374, 12.21374, 149.50382, 116, 0.0026969563, 0.0011303172, 1.8886364
1, 6893, 0.012107756, 0.0034409944, 255, 11.5, 11.5, 185.43421, 120.64474, 0.0019406794, 0.00066898362, 1.8886364
1, 6399, 0.0096798963, 0.003194389, 255, 13.177419, 13.177419, 203.67742, 118.41935, 0.0017389412, 0.00055130688, 1.8886364
1, 12803, 0.024034352, 0.006391274, 255, 16.023392, 16.023392, 196.80117, 97.064327, 0.004634193, 0.0014502509, 1.8886364
1, 22376, 0.038453008, 0.011170128, 255, 16.28, 16.28, 168.26286, 64.089524, 0.012164602, 0.0042938623, 1.8886364
1, 63660, 0.11096991, 0.031779153, 255, 17.530134, 17.530134, 165.21205, 60.428013, 0.040769001, 0.013504804, 1.8886364
1, 24718, 0.042616611, 0.012339257, 255, 17.517345, 17.517345, 161.819, 60.039216, 0.01477384, 0.0054175742, 1.8886364
1, 15496, 0.026937941, 0.007735623, 255, 17.654206, 17.654206, 171.84112, 74.890966, 0.0075959564, 0.0027517213, 1.8886364
1, 13540, 0.024732045, 0.0067591853, 255, 8.6122449, 8.6122449, 199.76531, 161.5, 0.0026958547, 0.00080970029, 1.8886364
1, 8994, 0.015638545, 0.0044898163, 255, 15.007407, 15.007407, 174.86667, 91.444444, 0.0032508066, 0.0011913129, 1.8886364
1, 8488, 0.01381347, 0.0042372204, 255, 13.990991, 13.990991, 179.38739, 101.36937, 0.0027419859, 0.00099004875, 1.8886364
1, 8960, 0.014484966, 0.0044728435, 255, 13.105263, 13.105263, 177.42105, 107.02632, 0.0027852253, 0.00097024807, 1.8886364
1, 5371, 0.009059625, 0.0026812101, 255, 10.615385, 10.615385, 171.11538, 142.11538, 0.0012253009, 0.00045799461, 1.8886364
1, 17962, 0.029498114, 0.0089666534, 255, 15.687657, 15.687657, 168.07809, 71.695214, 0.0091886547, 0.0033506835, 1.8886364
1, 20523, 0.03597787, 0.010245108, 255, 13.900621, 13.900621, 168.38199, 90.86646, 0.0074662381, 0.0026325558, 1.8886364
1, 22601, 0.034927181, 0.011282448, 255, 16.25812, 16.25812, 163.65299, 58.825641, 0.013183483, 0.004777207, 1.8886364
1, 10763, 0.018083897, 0.0053729034, 255, 12.22093, 12.22093, 155.87791, 93.406977, 0.0036920141, 0.0014984164, 1.8886364
1, 7156, 0.012088503, 0.0035722843, 255, 12.232558, 12.232558, 179.2907, 112.72093, 0.0021232764, 0.00075522077, 1.8886364
1, 6398, 0.010264891, 0.0031938898, 255, 12.269841, 12.269841, 200.19048, 122.74603, 0.001736738, 0.00055601145, 1.8886364
-1, 10487, 0.017513556, 0.0052351238, 255, 9.06, 9.06, 167.1, 141.39, 0.0023010539, 0.00086372392, 1.8886364
1, 17811, 0.023817305, 0.008891274, 255, 12.868914, 12.868914, 156.26217, 94.2397, 0.056186705, 0.0023571693, 1.8893939
1, 11699, 0.019013451, 0.0058401558, 255, 9.4153846, 9.4153846, 158.00769, 131.90769, 0.027662411, 0.0011429331, 1.8893939
1, 7196, 0.012198895, 0.0035922524, 255, 7.640625, 7.640625, 168.65625, 170.96875, 0.014536199, 0.00057165895, 1.8893939
1, 19000, 0.024154085, 0.0094848243, 255, 13.137184, 13.137184, 155.00361, 94.205776, 0.05782159, 0.0024301864, 1.8893939
1, 12731, 0.018024021, 0.0063553315, 255, 10.855072, 10.855072, 164.17391, 127.49275, 0.030510666, 0.0012362554, 1.8893939
1, 9445, 0.014310701, 0.0047149561, 255, 10.981982, 10.981982, 160.27928, 114.96396, 0.023959007, 0.001007064, 1.8893939
1, 9371, 0.013849674, 0.0046780152, 255, 10.609091, 10.609091, 156.46364, 125.55455, 0.023177925, 0.00097597454, 1.8893939
1, 16988, 0.025778974, 0.0084804313, 255, 10.459184, 10.459184, 161.77551, 117.40816, 0.042700927, 0.0017033775, 1.8893939
1, 7550, 0.010889116, 0.0037689696, 255, 8.9583333, 8.9583333, 170.43056, 140.65278, 0.016525264, 0.00065038877, 1.8893939
1, 8167, 0.01043673, 0.0040769768, 255, 9.2207792, 9.2207792, 173.57143, 133.2987, 0.017998546, 0.00069945725, 1.8893939
1, 11464, 0.015859569, 0.0057228435, 255, 10.192593, 10.192593, 162.08889, 108.08148, 0.029468326, 0.0011883734, 1.8893939
1, 15686, 0.022059244, 0.0078304712, 255, 11.268908, 11.268908, 151.2521, 94.046218, 0.048478237, 0.0020413103, 1.8893939
1, 7093, 0.011766356, 0.0035408347, 255, 8.1212121, 8.1212121, 170.43939, 146.98485, 0.015148944, 0.00059578649, 1.8893939
1, 22429, 0.033322113, 0.011196585, 255, 10.637631, 10.637631, 155.63066, 106.62718, 0.060151368, 0.0024554897, 1.8893939
-1, 43304, 0.033347721, 0.021617412, 255, 11.271505, 11.271505, 147.99194, 55.967742, 0.14827893, 0.0056338729, 1.8893939
1, 194276, 0.32101743, 0.096982827, 255, 20.178878, 20.178878, 167.35038, 55.984655, 0.20122084, 0.046573926, 1.8863636
1, 15938, 0.028902442, 0.00795627, 255, 15.701613, 15.701613, 165.02016, 99.745968, 0.0074030258, 0.0021175053, 1.8863636
1, 72936, 0.12167646, 0.036409744, 255, 19.617021, 19.617021, 173.18701, 68.871781, 0.055952223, 0.013726611, 1.8863636
1, 8497, 0.013798839, 0.0042417133, 255, 16.241071, 16.241071, 181.83929, 105.83929, 0.0036840568, 0.0010080257, 1.8863636
1, 10271, 0.016251341, 0.0051272963, 255, 14.374046, 14.374046, 163.24427, 106.40458, 0.0038683862, 0.0011546441, 1.8863636
1, 12293, 0.021550684, 0.0061366813, 255, 13.993865, 13.993865, 156.04294, 104.90184, 0.0046010009, 0.0013545321, 1.8863636
1, 15410, 0.028341816, 0.0076926917, 255, 16.557003, 16.557003, 146.40391, 87.032573, 0.0081303946, 0.0025755055, 1.8863636
1, 8766, 0.014983977, 0.0043759984, 255, 14.365217, 14.365217, 161.46087, 115.83478, 0.003358812, 0.0010422673, 1.8863636
1, 67867, 0.11321709, 0.033879293, 255, 17.234884, 17.234884, 142.26202, 84.333333, 0.033197031, 0.0098492317, 1.8863636
1, 6407, 0.010850181, 0.0031983826, 255, 12.053571, 12.053571, 169.16071, 160.14286, 0.0017135947, 0.00049980375, 1.8863636
1, 10519, 0.018067638, 0.0052510982, 255, 15.588957, 15.588957, 139.05521, 103.09202, 0.0041001095, 0.0014149272, 1.8863636
1, 39554, 0.066941127, 0.019745407, 255, 19.943162, 19.943162, 136.24512, 64.731794, 0.027751081, 0.0088822721, 1.8863636
1, 5640, 0.0096425778, 0.0028154952, 255, 13.105263, 13.105263, 151.5614, 143.35088, 0.0015627304, 0.00051699253, 1.8863636
1, 5912, 0.010221134, 0.002951278, 255, 13.274194, 13.274194, 151.03226, 150, 0.0016938774, 0.00056304125, 1.8863636
1, 7707, 0.012627286, 0.0038473442, 255, 13.825581, 13.825581, 161.45349, 137.31395, 0.0025116924, 0.00077798578, 1.8863636
1, 5651, 0.010243417, 0.0028209864, 255, 13.516667, 13.516667, 167.38333, 144.08333, 0.0018167034, 0.00054358301, 1.8863636
1, 9743, 0.015081325, 0.0048637181, 255, 13.921739, 13.921739, 160.46957, 115.71304, 0.0033381903, 0.0010082581, 1.8863636
1, 6662, 0.010264246, 0.0033256789, 255, 11.5, 11.5, 170.36667, 157.1, 0.0018490832, 0.00053711404, 1.8863636
1, 9209, 0.016946369, 0.0045971446, 255, 13.377953, 13.377953, 136.3937, 130.33858, 0.00313342, 0.0010949556, 1.8863636
1, 7732, 0.013189849, 0.0038598243, 255, 13.375, 13.375, 175.69318, 122.625, 0.002796779, 0.00078907626, 1.8863636
1, 7425, 0.012671443, 0.0037065695, 255, 13.290698, 13.290698, 138.13953, 127.11628, 0.002149003, 0.00075718178, 1.8863636
1, 10524, 0.01685529, 0.0052535942, 255, 13.19863, 13.19863, 158.71233, 106.10274, 0.0041916411, 0.0012913171, 1.8863636
1, 13341, 0.020502332, 0.0066598442, 255, 15.369458, 15.369458, 168.9803, 87.137931, 0.0062051556, 0.0017211357, 1.8863636
1, 35643, 0.056237781, 0.017793031, 255, 18.757253, 18.757253, 164.3588, 58.724371, 0.030742139, 0.0083396267, 1.8863636
1, 26253, 0.045028981, 0.013105531, 255, 18.110283, 18.110283, 161.58569, 63.57228, 0.019613089, 0.0054698642, 1.8863636
1, 11267, 0.016937606, 0.0056245008, 255, 14.703704, 14.703704, 171.17284, 88.561728, 0.0050161492, 0.0014137806, 1.8863636
1, 64438, 0.10428412, 0.032167532, 255, 17.814141, 17.814141, 156.12929, 72.960943, 0.041940289, 0.011637134, 1.8863636
1, 6439, 0.0096197633, 0.003214357, 255, 11.032787, 11.032787, 179.47541, 134.59016, 0.0019804112, 0.00055698416, 1.8863636
1, 26434, 0.042148963, 0.013195887, 255, 15.473684, 15.473684, 172.02005, 92.26817, 0.012415738, 0.0032866101, 1.8863636
1, 6667, 0.011448745, 0.0033281749, 255, 12.958333, 12.958333, 181.58333, 119.40278, 0.0023649886, 0.00063976919, 1.8863636
1, 27239, 0.042710587, 0.013597744, 255, 17.166987, 17.166987, 166.58349, 73.554702, 0.015699661, 0.0041540298, 1.8863636
1, 12292, 0.022994854, 0.0061361821, 255, 11.883929, 11.883929, 188.66964, 144.90179, 0.0038224395, 0.00095895398, 1.8863636
1, 26469, 0.043880025, 0.013213359, 255, 15.348052, 15.348052, 175.21039, 97.031169, 0.012202285, 0.0031789392, 1.8863636
1, 11803, 0.019265847, 0.0058920727, 255, 15.307692, 15.307692, 166.74176, 95.917582, 0.0054895449, 0.0015674529, 1.8863636
1, 8199, 0.014481734, 0.0040929513, 255, 12.192771, 12.192771, 183.39759, 138.84337, 0.0027535457, 0.00073229999, 1.8863636
1, 11513, 0.019930844, 0.0057473043, 255, 12.104762, 12.104762, 190.1619, 136.89524, 0.0036118807, 0.00088614482, 1.8863636
1, 8796, 0.013739732, 0.0043909744, 255, 16.384615, 16.384615, 181.93162, 101.19658, 0.0038504779, 0.001050256, 1.8863636
1, 5650, 0.0096255113, 0.0028204872, 255, 11.54, 11.54, 188.54, 145.18, 0.0017052736, 0.00045096193, 1.8863636
1, 31371, 0.052868968, 0.015660443, 255, 15.701128, 15.701128, 168.56203, 83.139098, 0.016221535, 0.0042736069, 1.8863636
1, 11085, 0.017977005, 0.0055336462, 255, 15.092593, 15.092593, 174.28395, 96.351852, 0.005107319, 0.0014260827, 1.8863636
1, 8788, 0.014946465, 0.0043869808, 255, 14.700855, 14.700855, 175.50427, 107.83761, 0.0037144467, 0.0010498522, 1.8863636
1, 6461, 0.010759497, 0.0032253395, 255, 12.450704, 12.450704, 176.14085, 129.50704, 0.0022622417, 0.00065004476, 1.8863636
1, 7192, 0.01143115, 0.0035902556, 255, 11.805556, 11.805556, 181.25, 129.91667, 0.0023606472, 0.00064489926, 1.8863636
1, 25488, 0.043029683, 0.012723642, 255, 16.233954, 16.233954, 165.55901, 82.093168, 0.014465069, 0.0040638722, 1.8863636
1, 16490, 0.028187487, 0.0082318291, 255, 15.759036, 15.759036, 151.86747, 81.78012, 0.0091206001, 0.0028245093, 1.8863636
1, 7218, 0.013219452, 0.0036032348, 255, 12.459459, 12.459459, 177.31081, 141.87838, 0.0023734906, 0.00067010877, 1.8863636
1, 13349, 0.022087615, 0.0066638379, 255, 12.274648, 12.274648, 178.41549, 117.92254, 0.0045829116, 0.0011979204, 1.8863636
1, 13353, 0.022257388, 0.0066658347, 255, 14.445714, 14.445714, 170.53143, 113.34286, 0.005398375, 0.0015167191, 1.8863636
1, 16945, 0.026495693, 0.0084589657, 255, 14.511416, 14.511416, 175.85388, 101.50228, 0.0069665322, 0.001807922, 1.8863636
1, 7956, 0.01538013, 0.0039716454, 255, 10.548387, 10.548387, 199, 149.74194, 0.0022318517, 0.00054939382, 1.8863636
1, 5417, 0.0089826926, 0.0027041733, 255, 12.196078, 12.196078, 185.64706, 134.09804, 0.0017126902, 0.00046606155, 1.8863636
1, 9543, 0.015571775, 0.0047638778, 255, 13.556452, 13.556452, 163.55645, 109.25806, 0.0036686809, 0.0011226644, 1.8863636
1, 7201, 0.01201296, 0.0035947484, 255, 10.868852, 10.868852, 187.21311, 155.14754, 0.0020657924, 0.00053956208, 1.8863636
1, 9775, 0.015617142, 0.0048796925, 255, 12.058824, 12.058824, 178.43137, 122.41176, 0.0032922436, 0.00090165553, 1.8863636
1, 8765, 0.012640814, 0.0043754992, 255, 14.566372, 14.566372, 175.19469, 100.43363, 0.0035811289, 0.0010081396, 1.8863636
1, 10772, 0.019299737, 0.0053773962, 255, 12.192982, 12.192982, 177.18421, 132.61404, 0.0036538477, 0.00098364078, 1.8863636
1, 6139, 0.0090928846, 0.0030645966, 255, 9.3773585, 9.3773585, 167.01887, 169.56604, 0.0041743297, 0.00047260747, 1.8878788
1, 8710, 0.015701585, 0.0043480431, 255, 13.309091, 13.309091, 178.69091, 105.29091, 0.0092691622, 0.00096996257, 1.8878788
1, 7916, 0.010994634, 0.0039516773, 255, 9.7042254, 9.7042254, 185.92958, 127.64789, 0.0062251837, 0.00060367479, 1.8878788
1, 9746, 0.017491642, 0.0048652157, 255, 11.586207, 11.586207, 150.93966, 129.11207, 0.0082567034, 0.0010118551, 1.8878788
1, 64931, 0.11217254, 0.032413638, 255, 18.693223, 18.693223, 151.05311, 56.255037, 0.15557065, 0.016399022, 1.8878788
1, 44147, 0.078840802, 0.022038239, 255, 16.332863, 16.332863, 162.68406, 92.184767, 0.054392195, 0.0055329273, 1.8878788
1, 24698, 0.039635375, 0.012329273, 255, 19.171309, 19.171309, 158.84958, 63.509749, 0.053784342, 0.0060667177, 1.8878788
1, 22596, 0.036106891, 0.011279952, 255, 16.269978, 16.269978, 153.87473, 76.412527, 0.033596469, 0.0038306026, 1.8878788
1, 34112, 0.05721671, 0.017028754, 255, 18.044248, 18.044248, 162.79646, 66.53603, 0.060724896, 0.0062683211, 1.8878788
1, 13312, 0.022935331, 0.0066453674, 255, 14.969697, 14.969697, 155.13853, 86.904762, 0.016899622, 0.0019326941, 1.8878788
1, 6405, 0.011470519, 0.0031973842, 255, 14.040541, 14.040541, 177.89189, 119.72973, 0.0062077356, 0.00065307622, 1.8878788
1, 5634, 0.0096528468, 0.0028125, 255, 11.62069, 11.62069, 172.31034, 132.2069, 0.0047128616, 0.00050905428, 1.8878788
1, 21807, 0.036125871, 0.010886082, 255, 15.608355, 15.608355, 145.8094, 89.671018, 0.026334776, 0.0032019059, 1.8878788
1, 18950, 0.031971271, 0.0094598642, 255, 15.57377, 15.57377, 137.84973, 78.535519, 0.023792076, 0.0029461922, 1.8878788
1, 18750, 0.033110445, 0.009360024, 255, 15.265734, 15.265734, 159.00699, 104.00699, 0.021445076, 0.0023430234, 1.8878788
1, 11530, 0.019901458, 0.0057557907, 255, 13.811828, 13.811828, 151.95161, 96.193548, 0.013327957, 0.0015856791, 1.8878788
1, 11010, 0.018703689, 0.0054962061, 255, 15.989529, 15.989529, 151.79058, 89.853403, 0.013671731, 0.0016420329, 1.8878788
1, 7686, 0.011490415, 0.003836861, 255, 13.542169, 13.542169, 169.66265, 122.49398, 0.0066406361, 0.0007189801, 1.8878788
1, 14372, 0.024076072, 0.0071745208, 255, 18.145594, 18.145594, 155.22222, 88.43295, 0.019104679, 0.002228284, 1.8878788
1, 11788, 0.019290362, 0.0058845847, 255, 18.24186, 18.24186, 152.91163, 82.451163, 0.015503306, 0.0018168651, 1.8878788
1, 9728, 0.016291837, 0.00485623, 255, 16.737931, 16.737931, 152.76552, 103.35172, 0.010445727, 0.0012489596, 1.8878788
1, 8458, 0.013270558, 0.0042222444, 255, 14.834862, 14.834862, 146.69725, 116.27523, 0.0075403899, 0.00095595012, 1.8878788
1, 7665, 0.011521896, 0.0038263778, 255, 14.423913, 14.423913, 152.92391, 112.94565, 0.0066345057, 0.00080330082, 1.8878788
1, 10745, 0.019164971, 0.0053639177, 255, 14.483221, 14.483221, 138.28859, 109.09396, 0.0097166813, 0.0012700832, 1.8878788
1, 15872, 0.027772347, 0.0079233227, 255, 16.080882, 16.080882, 141.30147, 94.481618, 0.018124287, 0.0022634317, 1.8878788
1, 49544, 0.048722372, 0.024732428, 255, 12.720247, 12.720247, 144.7527, 98.499227, 0.28036222, 0.0053074765, 1.8893939
1, 13958, 0.016291359, 0.0069678514, 255, 10.565517, 10.565517, 153.98621, 124.4, 0.066840293, 0.0012832287, 1.8893939
1, 9880, 0.014635623, 0.0049321086, 255, 7.6666667, 7.6666667, 174.52, 167.58667, 0.039182757, 0.00066975778, 1.8893939
1, 8684, 0.013092745, 0.0043350639, 255, 6.8709677, 6.8709677, 177.58065, 172.87097, 0.032959138, 0.0005372648, 1.8893939
-1, 19955, 0.014726871, 0.0099615615, 255, 12.540984, 12.540984, 186.10929, 90.677596, 0.1019548, 0.0014897636, 1.8893939
-1, 16800, 0.019722529, 0.0083865815, 255, 8.9589041, 8.9589041, 181.0274, 116.05479, 0.079119892, 0.0011877858, 1.8893939
-1, 6827, 0.0085422249, 0.0034080471, 255, 8.1153846, 8.1153846, 170.42308, 163.21154, 0.026528963, 0.00045873568, 1.8893939
1, 21242, 0.025302696, 0.010604034, 255, 10.70283, 10.70283, 151.68396, 122.88679, 0.099452589, 0.0018027412, 1.8886364
1, 11748, 0.013283888, 0.0058646166, 255, 11.408759, 11.408759, 146.21898, 117.40146, 0.061953362, 0.0012226768, 1.8886364
1, 9440, 0.012199341, 0.0047124601, 255, 9.6666667, 9.6666667, 161.74713, 135.65517, 0.043520752, 0.0007906442, 1.8886364
1, 8405, 0.011193987, 0.0041957867, 255, 8.8915663, 8.8915663, 147.3253, 139.16867, 0.037817777, 0.00073886162, 1.8886364
1, 15629, 0.017646064, 0.0078020168, 255, 9.7044025, 9.7044025, 158.71698, 117.59119, 0.078047875, 0.0013689429, 1.8886364
1, 8676, 0.012701783, 0.0043310703, 255, 8.3333333, 8.3333333, 171.625, 148.22222, 0.038216738, 0.00063647999, 1.8886364
1, 13955, 0.013675099, 0.0069663538, 255, 10.058394, 10.058394, 162.46715, 107.78832, 0.068837756, 0.0012066017, 1.8886364
1, 10108, 0.011104311, 0.0050459265, 255, 9.2105263, 9.2105263, 164.2, 125.48421, 0.048243335, 0.0008401855, 1.8886364
1, 6935, 0.010024097, 0.0034619609, 255, 7.3461538, 7.3461538, 178.90385, 147.67308, 0.028771572, 0.00046420388, 1.8886364
1, 9232, 0.012861324, 0.0046086262, 255, 8.2432432, 8.2432432, 168.18919, 158.94595, 0.03849199, 0.00064617599, 1.8886364
1, 10671, 0.014082553, 0.0053269768, 255, 10.093458, 10.093458, 153.27103, 136.54206, 0.050720604, 0.00093612634, 1.8886364
1, 6810, 0.0081969484, 0.0033995607, 255, 8.1886792, 8.1886792, 168.0566, 155.90566, 0.027546855, 0.00047670078, 1.8886364
1, 49622, 0.051183582, 0.024771366, 255, 15.082134, 15.082134, 148.29975, 62.251482, 0.16825854, 0.009509665, 1.8878788
1, 32645, 0.04171221, 0.016296426, 255, 12.950993, 12.950993, 135.83444, 62.401325, 0.098524368, 0.0060516344, 1.8878788
1, 13369, 0.018532921, 0.0066738219, 255, 11.284211, 11.284211, 152.34737, 99.505263, 0.02780836, 0.0016469131, 1.8878788
1, 11039, 0.015509983, 0.0055106829, 255, 9.2990654, 9.2990654, 168.1028, 133.73832, 0.017280072, 0.00095368229, 1.8878788
1, 41055, 0.051100183, 0.020494708, 255, 12.541538, 12.541538, 155.18615, 91.158462, 0.096906553, 0.0054126563, 1.8878788
1, 13253, 0.013579787, 0.0066159145, 255, 12.163522, 12.163522, 168.41509, 103.68553, 0.025725567, 0.0014388971, 1.8878788
1, 26852, 0.036071854, 0.013404553, 255, 12.217105, 12.217105, 149.67544, 88.192982, 0.06556955, 0.0038586522, 1.8878788
1, 6324, 0.0089893577, 0.0031569489, 255, 8.637931, 8.637931, 173.63793, 145.46552, 0.0096751881, 0.00053132413, 1.8878788
1, 11834, 0.017804426, 0.0059075479, 255, 9.8992248, 9.8992248, 165.67442, 119.39535, 0.020532034, 0.0011476957, 1.8878788
1, 7830, 0.010885922, 0.003908746, 255, 9.3376623, 9.3376623, 170.01299, 128.66234, 0.012576496, 0.00070307404, 1.8878788
1, 7069, 0.010797677, 0.0035288538, 255, 9.2133333, 9.2133333, 161.85333, 125.46667, 0.011661911, 0.00068887533, 1.8878788
1, 8258, 0.01275718, 0.0041224042, 255, 8.826087, 8.826087, 154.21739, 119.22826, 0.013630381, 0.00082930265, 1.8878788
1, 13731, 0.024754269, 0.0068545327, 255, 7.9869281, 7.9869281, 153.05229, 138.44444, 0.022496662, 0.001274806, 1.8878788
1, 11538, 0.014994856, 0.0057597843, 255, 10.908397, 10.908397, 149.22901, 117.63359, 0.060795198, 0.0011367017, 1.8916667
1, 18413, 0.023939754, 0.0091917931, 255, 11.1, 11.1, 166.93158, 126.72105, 0.098636314, 0.0016127074, 1.8916667
1, 6956, 0.011567971, 0.0034724441, 255, 8.6111111, 8.6111111, 182.25926, 157.03704, 0.030607517, 0.00048758148, 1.8916667
1, 16709, 0.024815255, 0.0083411542, 255, 9.5972222, 9.5972222, 177.61806, 138.70833, 0.079541603, 0.0012332777, 1.8916667
1, 42060, 0.047743108, 0.020996406, 255, 13.046154, 13.046154, 155.38291, 92.153846, 0.2826857, 0.004744492, 1.8916667
1, 8400, 0.011585535, 0.0041932907, 255, 8.9066667, 8.9066667, 166.64, 146.32, 0.038867379, 0.0006440818, 1.8916667
1, 10644, 0.018286075, 0.0053134984, 255, 7.804878, 7.804878, 173.89024, 146.82927, 0.044343891, 0.00069767743, 1.8916667
1, 6496, 0.011934955, 0.0032428115, 255, 8.9090909, 8.9090909, 146.57576, 141.98485, 0.01959569, 0.00057650375, 1.8863636
1, 10683, 0.016775532, 0.0053329673, 255, 10.235294, 10.235294, 145.10084, 124.52941, 0.034976098, 0.00099841272, 1.8863636
1, 73618, 0.11326784, 0.0367502, 255, 13.965108, 13.965108, 129.94278, 80.988835, 0.3771836, 0.010637671, 1.8863636
1, 6525, 0.011259567, 0.0032572883, 255, 6.9137931, 6.9137931, 163.08621, 169.43103, 0.019160185, 0.00050713238, 1.8863636
1, 12169, 0.018686399, 0.0060747804, 255, 10.872611, 10.872611, 136.84076, 115.99363, 0.043518068, 0.0013246632, 1.8863636
1, 9063, 0.014492943, 0.0045242612, 255, 9.815534, 9.815534, 132.39806, 141.42718, 0.027623157, 0.00087769609, 1.8863636
1, 37396, 0.040254772, 0.018668131, 255, 11.542484, 11.542484, 150.11111, 105.12636, 0.16218487, 0.003733495, 1.8909091
1, 21296, 0.022641472, 0.01063099, 255, 14, 14, 128.03323, 93.546828, 0.099755196, 0.0028154771, 1.8909091
1, 24818, 0.031742963, 0.012389177, 255, 11.923358, 11.923358, 146.59854, 115.9635, 0.094550761, 0.0022675137, 1.8909091
1, 7822, 0.011222609, 0.0039047524, 255, 10.7125, 10.7125, 150.725, 139.375, 0.028383118, 0.00071040972, 1.8909091
1, 6601, 0.0095476062, 0.0032952276, 255, 9.3728814, 9.3728814, 160.71186, 144.20339, 0.022319516, 0.00053616217, 1.8909091
1, 14875, 0.018325016, 0.007425619, 255, 11.30814, 11.30814, 147.43023, 119.10465, 0.059689758, 0.0015168922, 1.8909091
1, 18676, 0.02078368, 0.0093230831, 255, 12.542955, 12.542955, 137.59794, 85.646048, 0.094251818, 0.0025141502, 1.8909091
1, 18939, 0.026070529, 0.009454373, 255, 13.421277, 13.421277, 132.50213, 120.41277, 0.25707327, 0.0020058828, 1.8856061
1, 6136, 0.0092647813, 0.003063099, 255, 10.777778, 10.777778, 150.59259, 173.61111, 0.067137255, 0.00048125433, 1.8856061
1, 9188, 0.01183808, 0.0045866613, 255, 13.159292, 13.159292, 126.00885, 112.12389, 0.11755624, 0.0010125809, 1.8856061
1, 7268, 0.012078048, 0.0036281949, 255, 10.739726, 10.739726, 138.47945, 152.20548, 0.083459236, 0.0006536594, 1.8856061
-1, 42153, 0.0382634, 0.021042831, 255, 9.4826216, 9.4826216, 103.74578, 54.136048, 0.37042868, 0.0073747225, 1.8840909
-1, 10305, 0.015144019, 0.0051442692, 255, 5.9090909, 5.9090909, 151.56566, 161.16162, 0.05320356, 0.000867314, 1.8840909
1, 10280, 0.01226143, 0.0051317891, 255, 8.9827586, 8.9827586, 150.91379, 111.58621, 0.22508518, 0.0010157409, 1.8863636
1, 13005, 0.018422587, 0.0064921126, 255, 6.712963, 6.712963, 167.76852, 146.09259, 0.23296689, 0.00090427737, 1.8863636
1, 9173, 0.012394789, 0.0045791733, 255, 8.0246914, 8.0246914, 166.34568, 137.64198, 0.17324333, 0.0007283421, 1.8863636
1, 10610, 0.017064121, 0.0052965256, 255, 7.0097087, 7.0097087, 136.70874, 155.68932, 0.10978053, 0.00086875464, 1.8878788
1, 14601, 0.018514427, 0.0072888379, 255, 12.723577, 12.723577, 107.89431, 85.626016, 0.20693096, 0.0020431743, 1.8878788
-1, 19784, 0.018755014, 0.0098761981, 255, 7.0454545, 7.0454545, 182.03247, 115.38312, 0.21855533, 0.0012736854, 1.8878788
1, 17799, 0.016885771, 0.0088852835, 255, 10.232877, 10.232877, 159.48858, 94.159817, 0.11667168, 0.0018971905, 1.8893939
1, 21102, 0.022707396, 0.010534145, 255, 10.11336, 10.11336, 161.31984, 103.583, 0.13309951, 0.0021225072, 1.8893939
1, 9318, 0.013132036, 0.0046515575, 255, 7.5591398, 7.5591398, 171.82796, 114.08602, 0.053378762, 0.0008093823, 1.8893939
1, 11049, 0.013816414, 0.0055156749, 255, 7.824, 7.824, 150.392, 112.696, 0.062795203, 0.0010890468, 1.8893939
1, 14679, 0.013259553, 0.0073277756, 255, 11.873563, 11.873563, 157.48276, 94.235632, 0.091532218, 0.0015480522, 1.8893939
1, 6993, 0.0090124051, 0.0034909145, 255, 7.5090909, 7.5090909, 177.89091, 150.89091, 0.032681965, 0.00049342564, 1.8893939
1, 9688, 0.011227114, 0.004836262, 255, 8.373494, 8.373494, 169.04819, 138.63855, 0.046868424, 0.00072282244, 1.8893939
1, 11188, 0.016987262, 0.0055850639, 255, 7.4363636, 7.4363636, 151.89091, 128.55455, 0.055810535, 0.00092915125, 1.8893939
1, 7464, 0.01061676, 0.0037260383, 255, 7.0147059, 7.0147059, 153.57353, 143.16176, 0.034883255, 0.00059666095, 1.8893939
1, 14535, 0.013390917, 0.0072558906, 255, 14.355828, 14.355828, 175.19632, 103.5092, 0.12931667, 0.0014833648, 1.8871212
1, 7821, 0.011224044, 0.0039042532, 255, 10.376812, 10.376812, 178.82609, 128.27536, 0.05587556, 0.00062520307, 1.8871212
1, 14084, 0.017899389, 0.0070307508, 255, 11.007752, 11.007752, 179.22481, 123.72868, 0.10469592, 0.001120909, 1.8871212
1, 7945, 0.011278352, 0.0039661542, 255, 7.6034483, 7.6034483, 187.74138, 173.05172, 0.049309424, 0.00051525753, 1.8871212
1, 9101, 0.011205792, 0.0045432308, 255, 11.478261, 11.478261, 169.27174, 124.17391, 0.07052031, 0.00083990453, 1.8871212
1, 8070, 0.0093107139, 0.0040285543, 255, 9.3289474, 9.3289474, 166.23684, 138.89474, 0.05721143, 0.00070403755, 1.8871212
1, 8812, 0.011416947, 0.0043989617, 255, 8.3013699, 8.3013699, 171.82192, 143.86301, 0.056799348, 0.00065887772, 1.8871212
1, 8078, 0.011253658, 0.0040325479, 255, 11.273973, 11.273973, 161.19178, 151.73973, 0.053285333, 0.00066875544, 1.8871212
1, 8172, 0.010060307, 0.0040794728, 255, 11.24359, 11.24359, 163.74359, 127.01282, 0.057836345, 0.0007044443, 1.8871212
1, 6348, 0.0084088344, 0.0031689297, 255, 10.163636, 10.163636, 157.98182, 157.10909, 0.039347009, 0.00048787199, 1.8871212
-1, 56660, 0.021064884, 0.028284744, 255, 12.520362, 12.520362, 171.30769, 56.286576, 0.36211382, 0.0050066421, 1.8916667
-1, 10907, 0.014689197, 0.0054447883, 255, 6.1230769, 6.1230769, 211.12308, 170.33846, 0.04375259, 0.00054603297, 1.8916667
-1, 12530, 0.010059657, 0.006254992, 255, 10.028571, 10.028571, 187.93333, 106.33333, 0.062914076, 0.0008857316, 1.8916667
-1, 37742, 0.021928994, 0.018840855, 255, 11.622166, 11.622166, 175.70277, 73.722922, 0.22239439, 0.0030460411, 1.8916667
1, 9993, 0.012397009, 0.0049885184, 255, 9.5698925, 9.5698925, 162.39785, 130.53763, 0.24373437, 0.00082272472, 1.8901515
1, 8876, 0.01009537, 0.0044309105, 255, 10.064103, 10.064103, 167.02564, 138.21795, 0.21024772, 0.00070668041, 1.8901515
1, 9175, 0.01333671, 0.0045801717, 255, 9.3472222, 9.3472222, 168.02778, 162.94444, 0.19523925, 0.00060386263, 1.8901515
1, 10280, 0.01226143, 0.0051317891, 255, 8.9827586, 8.9827586, 150.91379, 111.58621, 0.22508518, 0.0010157409, 1.8863636
1, 13005, 0.018422587, 0.0064921126, 255, 6.712963, 6.712963, 167.76852, 146.09259, 0.23296689, 0.00090427737, 1.8863636
1, 9173, 0.012394789, 0.0045791733, 255, 8.0246914, 8.0246914, 166.34568, 137.64198, 0.17324333, 0.0007283421, 1.8863636
1, 6110, 0.0078083472, 0.0030501198, 255, 6.86, 6.86, 179.02, 138.5, 0.70203922, 0.00046279776, 1.8878788
1, 14996, 0.015835655, 0.0074860224, 255, 10.449367, 10.449367, 152.88608, 113.29114, 0.31682078, 0.0013482713, 1.8878788
1, 8392, 0.010156908, 0.0041892971, 255, 9.3658537, 9.3658537, 152.45122, 122.97561, 0.16395829, 0.00072842289, 1.8878788
1, 7203, 0.010037481, 0.0035957468, 255, 7.9830508, 7.9830508, 164.30508, 154.9661, 0.12714276, 0.00052322104, 1.8878788
1, 8118, 0.010127227, 0.004052516, 255, 8.4857143, 8.4857143, 164.28571, 133.5, 0.038479556, 0.00061763159, 1.8886364
1, 7579, 0.011413818, 0.0037834465, 255, 6.3584906, 6.3584906, 176.37736, 177.90566, 0.03127886, 0.00046893951, 1.8886364
1, 9597, 0.011333571, 0.0047908347, 255, 9.88, 9.88, 148.2, 121.32, 0.049588436, 0.00089977018, 1.8886364
1, 10767, 0.010889638, 0.0053749002, 255, 9.9907407, 9.9907407, 156.67593, 110.09259, 0.056618484, 0.0009817644, 1.8886364
1, 8813, 0.010167537, 0.0043994609, 255, 8.8850575, 8.8850575, 153.94253, 130.65517, 0.044813625, 0.00076254242, 1.8886364
1, 10569, 0.015723884, 0.0052760583, 255, 7.7717391, 7.7717391, 156.40217, 154.63043, 0.048146289, 0.00078408793, 1.8886364
1, 11677, 0.011304292, 0.0058291733, 255, 9.1525424, 9.1525424, 154.22881, 115.20339, 0.060894733, 0.0010515782, 1.8886364
1, 7718, 0.010267362, 0.0038528355, 255, 6.1578947, 6.1578947, 174.64912, 165.92982, 0.033309911, 0.00050049135, 1.8886364
1, 15134, 0.018587693, 0.0075549121, 255, 7.3629032, 7.3629032, 168.30645, 145.99194, 0.069832028, 0.0010562025, 1.8886364
1, 8418, 0.010276233, 0.0042022764, 255, 8.6571429, 8.6571429, 171, 151.3, 0.040052198, 0.00063772028, 1.8886364
1, 27846, 0.031043768, 0.013900759, 255, 12.075085, 12.075085, 155.49147, 112.45392, 0.15244262, 0.0025103791, 1.8886364
1, 6895, 0.010897384, 0.0034419928, 255, 9.9066667, 9.9066667, 138.21333, 141.54667, 0.54201307, 0.00064555748, 1.8856061
1, 29169, 0.050118471, 0.014561202, 255, 12.100707, 12.100707, 125.30742, 86.977032, 0.096641186, 0.0044507715, 1.8871212
1, 7669, 0.013298202, 0.0038283746, 255, 10.704082, 10.704082, 141.07143, 121.67347, 0.018837973, 0.00084748736, 1.8871212
1, 5874, 0.0090873819, 0.0029323083, 255, 8.7454545, 8.7454545, 158.52727, 151.89091, 0.011880527, 0.00047582979, 1.8871212
1, 30033, 0.048748862, 0.014992512, 255, 14.020649, 14.020649, 121.53835, 76.277286, 0.11228249, 0.0053857164, 1.8871212
1, 21522, 0.039083029, 0.01074381, 255, 14.097826, 14.097826, 131.16304, 98.236413, 0.065770075, 0.0029369749, 1.8871212
1, 19018, 0.034953356, 0.0094938099, 255, 16.025806, 16.025806, 128.05806, 79.344086, 0.081138863, 0.0038979112, 1.8871212
1, 7431, 0.012058472, 0.0037095647, 255, 11.168675, 11.168675, 147.96386, 136.80723, 0.016734115, 0.00071946101, 1.8871212
1, 8444, 0.013885449, 0.0042152556, 255, 12.203883, 12.203883, 146.58252, 124.84466, 0.020572565, 0.0008899463, 1.8871212
1, 15618, 0.025942848, 0.0077965256, 255, 14.150685, 14.150685, 123.92808, 89.561644, 0.049308479, 0.0024241144, 1.8871212
1, 8177, 0.013904537, 0.0040819688, 255, 11.158416, 11.158416, 135.22772, 129.57426, 0.018610418, 0.00086798286, 1.8871212
1, 6397, 0.010266495, 0.0031933906, 255, 11.768116, 11.768116, 146.43478, 128.53623, 0.013767731, 0.00060854672, 1.8871212
1, 87106, 0.05454661, 0.043483427, 255, 14.045279, 14.045279, 164.9422, 83.763969, 0.2637124, 0.0084081134, 1.8871212
1, 25031, 0.027099361, 0.012495507, 255, 10.798077, 10.798077, 180.09135, 133.87019, 0.05769758, 0.0017882182, 1.8871212
1, 8550, 0.010480293, 0.0042681709, 255, 8.0517241, 8.0517241, 194.05172, 151.12069, 0.017335921, 0.00052105309, 1.8871212
1, 7948, 0.0122444, 0.0039676518, 255, 10.578313, 10.578313, 138.6988, 131.25301, 0.017731775, 0.00072876504, 1.8871212
1, 78280, 0.082757304, 0.039077476, 255, 10.365278, 10.365278, 172.07778, 115.42778, 0.1908353, 0.0056330301, 1.8871212
1, 23662, 0.029032162, 0.011812101, 255, 10.73516, 10.73516, 160.74886, 135.05023, 0.054224235, 0.0018931461, 1.8871212
1, 11178, 0.014553136, 0.0055800719, 255, 8.8617021, 8.8617021, 166.43617, 146.31915, 0.024097777, 0.00083675882, 1.8871212
1, 9054, 0.011480935, 0.0045197684, 255, 9.0147059, 9.0147059, 177.64706, 149.48529, 0.018606657, 0.00061546726, 1.8871212
1, 7402, 0.0083682324, 0.0036950879, 255, 9.6034483, 9.6034483, 176.63793, 138.58621, 0.015780232, 0.00053642102, 1.8871212
1, 16754, 0.022081755, 0.0083636182, 255, 7.5384615, 7.5384615, 161.65385, 137.12179, 0.062750075, 0.0013108238, 1.8878788
1, 36626, 0.027769697, 0.018283746, 255, 10.886, 10.886, 140.832, 81.492, 0.17521648, 0.0041150767, 1.8878788
1, 10115, 0.011096627, 0.0050494209, 255, 7.5301205, 7.5301205, 170.50602, 136.09639, 0.035214492, 0.00072150963, 1.8878788
1, 10812, 0.012148496, 0.0053973642, 255, 8.3298969, 8.3298969, 160.62887, 134.97938, 0.03877028, 0.00082642795, 1.8878788
1, 13365, 0.017169009, 0.0066718251, 255, 7, 7, 166.12389, 142.20354, 0.046710461, 0.0009727389, 1.8878788
1, 19855, 0.018052179, 0.0099116414, 255, 13.975524, 13.975524, 114.94056, 81.045455, 0.081798049, 0.0024266024, 1.8878788
1, 10986, 0.015517344, 0.0054842252, 255, 7.5, 7.5, 174.59524, 174.07143, 0.036493481, 0.00074101199, 1.8878788
1, 11146, 0.014374222, 0.0055640974, 255, 10.204082, 10.204082, 163.58163, 146.2551, 0.039890017, 0.00087381917, 1.8878788
1, 7639, 0.008108608, 0.0038133986, 255, 8.7076923, 8.7076923, 169.50769, 130.75385, 0.027416144, 0.000587355, 1.8878788
1, 9820, 0.010385327, 0.0049021565, 255, 9.6382979, 9.6382979, 165.32979, 109.97872, 0.038670747, 0.00085247779, 1.8878788
1, 13953, 0.02032587, 0.0069653554, 255, 8.5511811, 8.5511811, 170.98425, 144.79528, 0.031870083, 0.0010921501, 1.8886364
1, 22472, 0.029111629, 0.011218051, 255, 11.333333, 11.333333, 144.02459, 86.661202, 0.077364389, 0.0030785052, 1.8886364
1, 14834, 0.020421181, 0.0074051518, 255, 8.471831, 8.471831, 169.06338, 123.15493, 0.035233944, 0.0012111583, 1.8886364
1, 7998, 0.010657261, 0.0039926118, 255, 8.5064935, 8.5064935, 168.44156, 125.54545, 0.019035458, 0.00068398507, 1.8886364
1, 7915, 0.012295451, 0.0039511781, 255, 5.7818182, 5.7818182, 190.16364, 181.89091, 0.015350182, 0.00047832576, 1.8886364
1, 6187, 0.0091884108, 0.0030885583, 255, 7.5357143, 7.5357143, 170.30357, 147.21429, 0.013997006, 0.00050075864, 1.8886364
1, 8077, 0.011484746, 0.0040320487, 255, 7.7462687, 7.7462687, 184.91045, 143.68657, 0.018182752, 0.00060331915, 1.8886364
-1, 77334, 0.03499328, 0.038605232, 255, 12.392458, 12.392458, 148.63268, 42.935056, 0.31237818, 0.010099202, 1.8886364
-1, 34684, 0.038559943, 0.017314297, 255, 8.7, 8.7, 171.05429, 104.88, 0.087866913, 0.0026911132, 1.8886364
1, 11673, 0.013223135, 0.0058271765, 255, 11.162963, 11.162963, 177.08889, 99.303704, 0.05196948, 0.0012128402, 1.8893939
1, 20879, 0.028084463, 0.010422823, 255, 9.8444444, 9.8444444, 180.21333, 111.49778, 0.088143994, 0.0018909024, 1.8893939
1, 8783, 0.011454643, 0.0043844848, 255, 8.4578313, 8.4578313, 184.53012, 127.51807, 0.033294205, 0.00073803496, 1.8893939
1, 7157, 0.011836533, 0.0035727835, 255, 7.6166667, 7.6166667, 189.45, 145.6, 0.024709795, 0.00053224614, 1.8893939
1, 5489, 0.0084498358, 0.0027401158, 255, 7.9387755, 7.9387755, 185, 137.04082, 0.019705665, 0.00044898418, 1.8893939
1, 9829, 0.01454456, 0.0049066494, 255, 8.0235294, 8.0235294, 185.24706, 132.34118, 0.034228947, 0.00075622048, 1.8893939
1, 10105, 0.012473775, 0.0050444289, 255, 9.3421053, 9.3421053, 168.21053, 103.7193, 0.041685144, 0.0010267301, 1.8893939
1, 22080, 0.03134251, 0.011022364, 255, 7.7962963, 7.7962963, 171.35648, 125.92593, 0.080459545, 0.0017512388, 1.8893939
1, 9359, 0.012913205, 0.0046720248, 255, 8.1122449, 8.1122449, 169.81633, 124.04082, 0.036176688, 0.00085769081, 1.8893939
1, 28829, 0.034403068, 0.014391474, 255, 9.8268293, 9.8268293, 153.2, 90.658537, 0.13654189, 0.0033221873, 1.8893939
1, 13074, 0.018163644, 0.0065265575, 255, 7.3392857, 7.3392857, 183.65179, 137.22321, 0.044713273, 0.00095139904, 1.8893939
1, 7467, 0.015422764, 0.0037275359, 255, 6.754386, 6.754386, 189.80702, 154, 0.023518543, 0.00049664354, 1.8893939
1, 10728, 0.016295299, 0.0053554313, 255, 8.2772277, 8.2772277, 176.89109, 124.9604, 0.038837442, 0.00088257453, 1.8893939
1, 7187, 0.012214171, 0.0035877596, 255, 5.7118644, 5.7118644, 169.42373, 165.35593, 0.02172949, 0.00052345137, 1.8893939
1, 25776, 0.028501655, 0.012867412, 255, 10.010638, 10.010638, 180.51064, 99.680851, 0.17728555, 0.0023052972, 1.8901515
1, 12016, 0.013189663, 0.0059984026, 255, 9.7394958, 9.7394958, 183.40336, 110.33613, 0.076010866, 0.0010532793, 1.8901515
1, 13087, 0.014872544, 0.0065330471, 255, 10.283582, 10.283582, 182.1791, 103.69403, 0.085020722, 0.0011697233, 1.8901515
1, 14779, 0.019189855, 0.0073776957, 255, 8.6269841, 8.6269841, 190.96032, 129.99206, 0.08379828, 0.0010827833, 1.8901515
1, 6646, 0.0085538215, 0.0033176917, 255, 8.6363636, 8.6363636, 189.83636, 139.18182, 0.03636332, 0.00049224246, 1.8901515
1, 9650, 0.013611351, 0.0048172923, 255, 7.8181818, 7.8181818, 178.56818, 128.59091, 0.054727824, 0.00076601841, 1.8901515
1, 7082, 0.0099778573, 0.0035353435, 255, 9.7058824, 9.7058824, 182.73529, 120.83824, 0.043276565, 0.00062284846, 1.8901515
1, 9472, 0.014269908, 0.0047284345, 255, 6.3214286, 6.3214286, 168.45238, 153.05952, 0.049280814, 0.00072460092, 1.8901515
-1, 14160, 0.016058954, 0.0070686901, 255, 7.4941176, 7.4941176, 137.81765, 104.72353, 0.081597186, 0.0014172021, 1.8901515
