status, area, eccentricity, perimeter, compactness, aspect ratio, mean of GC, std. dev. of GC, mean of CEGC, std. dev. of CEGC, mean gradient magnitude, neighbour mean gradient magnitude, mean hue, mean saturation, mean value, std. dev. hue, std. dev. saturation, std. dev. value, energy, entropy
1, 24888, 0.64234361, 108.2254, 0.037450576, 0.76641679, 0.02256774, 2.116638, 0.022824865, 2.1210478, 0, 0, 0.022824865, 0.022824865, 0.022824865, 2.1210478, 2.1210478, 2.1210478, 0.0025197938, 0.36220348, 1.8886364
1, 8782, 0.61233558, 38.970562, 0.013761636, 0.79059798, 0.0067400894, 1.2666244, 0.0067675062, 1.2672656, 0, 0, 0.0067675062, 0.0067675062, 0.0067675062, 1.2672656, 1.2672656, 1.2672656, 0.00048377516, 0.42699849, 1.8886364
1, 12407, 0.79229347, 54.284271, 0.018900416, 0.6101402, 0.010173119, 1.4914699, 0.010176824, 1.4915804, 0, 0, 0.010176824, 0.010176824, 0.010176824, 1.4915804, 1.4915804, 1.4915804, 0.00093828526, 0.46371178, 1.8886364
1, 9652, 0.78965993, 39.213203, 0.012677612, 0.61354476, 0.0082806177, 1.3068218, 0.0081998493, 1.3033949, 0, 0, 0.0081998493, 0.0081998493, 0.0081998493, 1.3033949, 1.3033949, 1.3033949, 0.00070083892, 0.44659262, 1.8886364
1, 24983, 0.64234361, 108.2254, 0.037308167, 0.76641679, 0.02256774, 2.116638, 0.022824865, 2.1210478, 0, 0, 0.022824865, 0.022824865, 0.022824865, 2.1210478, 2.1210478, 2.1210478, 0.0025197938, 0.36220348, 1.8886364
1, 9541, 0.8021923, 45.455844, 0.017233587, 0.59706575, 0.0079323559, 1.3381451, 0.0078886984, 1.3365034, 0, 0, 0.0078886984, 0.0078886984, 0.0078886984, 1.3365034, 1.3365034, 1.3365034, 0.00055753306, 0.19838524, 1.8886364
1, 13276, 0.72830227, 57.941125, 0.020123186, 0.685256, 0.011995468, 1.5572987, 0.012028767, 1.5583218, 0, 0, 0.012028767, 0.012028767, 0.012028767, 1.5583218, 1.5583218, 1.5583218, 0.0012396907, 0.24705882, 1.8886364
1, 13830, 0.64607436, 57.941125, 0.019317094, 0.76327449, 0.013382151, 1.5850089, 0.01321936, 1.5805255, 0, 0, 0.01321936, 0.01321936, 0.01321936, 1.5805255, 1.5805255, 1.5805255, 0.0014546318, 0.26236762, 1.8886364
1, 8537, 0.54705729, 35.79899, 0.011946107, 0.83709514, 0.0079641742, 1.2423129, 0.0077821444, 1.2362698, 0, 0, 0.0077821444, 0.0077821444, 0.0077821444, 1.2362698, 1.2362698, 1.2362698, 0.00088457816, 0.20226486, 1.8886364
1, 9144, 0.84644565, 41.455844, 0.014956344, 0.53247511, 0.0074439833, 1.2808394, 0.0074040255, 1.2795496, 0, 0, 0.0074040255, 0.0074040255, 0.0074040255, 1.2795496, 1.2795496, 1.2795496, 0.00060833717, 0.11856279, 1.8886364
1, 6797, 0.51985284, 30.970562, 0.011229775, 0.85425586, 0.0058672254, 1.1374016, 0.0058175848, 1.1355997, 0, 0, 0.0058175848, 0.0058175848, 0.0058175848, 1.1355997, 1.1355997, 1.1355997, 0.00048904913, 0.95217087, 1.8871212
1, 14849, 0.46473366, 70.183766, 0.02639771, 0.88545054, 0.016862077, 1.7315945, 0.017025218, 1.7352112, 0, 0, 0.017025218, 0.017025218, 0.017025218, 1.7352112, 1.7352112, 1.7352112, 0.0023368683, 0.59677919, 1.8863636
1, 10025, 0.74402899, 45.455844, 0.016401562, 0.66814733, 0.010614014, 1.4123988, 0.010376061, 1.4027273, 0, 0, 0.010376061, 0.010376061, 0.010376061, 1.4027273, 1.4027273, 1.4027273, 0.0010342497, 0.22099536, 1.8909091
1, 9071, 0.78277369, 38.970562, 0.013323193, 0.62230647, 0.0091685628, 1.3389627, 0.0090082035, 1.3323114, 0, 0, 0.0090082035, 0.0090082035, 0.0090082035, 1.3323114, 1.3323114, 1.3323114, 0.00085211388, 0.20191332, 1.8909091
1, 6050, 0.44916397, 29.213203, 0.011225175, 0.89344937, 0.0055224204, 1.0802745, 0.0054802983, 1.0783004, 0, 0, 0.0054802983, 0.0054802983, 0.0054802983, 1.0783004, 1.0783004, 1.0783004, 0.00048387266, 0.096454522, 1.8909091
-1, 11658, 0.97935861, 56.769552, 0.0219987, 0.20213041, 0.0096171255, 1.4707632, 0.0097021085, 1.4745826, 0, 0, 0.0097021085, 0.0097021085, 0.0097021085, 1.4745826, 1.4745826, 1.4745826, 0.00062186382, 0.19772155, 1.8909091
-1, 21306, 0.99061921, 103.63961, 0.040118044, 0.13665129, 0.017135539, 1.9971871, 0.017084549, 1.9959033, 0, 0, 0.017084549, 0.017084549, 0.017084549, 1.9959033, 1.9959033, 1.9959033, 0.0010181497, 0.27242852, 1.8909091
-1, 9033, 0.9493365, 42.284271, 0.015751279, 0.31426138, 0.0073757899, 1.2979072, 0.0073550984, 1.297102, 0, 0, 0.0073550984, 0.0073550984, 0.0073550984, 1.297102, 1.297102, 1.297102, 0.00050223927, 0.17289225, 1.8909091
1, 31804, 0.77123853, 151.4386, 0.057382776, 0.63654625, 0.030787676, 2.4987796, 0.030869978, 2.500313, 0, 0, 0.030869978, 0.030869978, 0.030869978, 2.500313, 2.500313, 2.500313, 0.0030356485, 0.53348995, 1.8863636
1, 10367, 0.71348577, 48.04163, 0.017716279, 0.70066971, 0.01016691, 1.4270608, 0.010105369, 1.425504, 0, 0, 0.010105369, 0.010105369, 0.010105369, 1.425504, 1.425504, 1.425504, 0.0010555637, 0.31623128, 1.8863636
1, 13096, 0.76357637, 67.84062, 0.027966047, 0.64571756, 0.011316174, 1.5910644, 0.011310984, 1.5909747, 0, 0, 0.011310984, 0.011310984, 0.011310984, 1.5909747, 1.5909747, 1.5909747, 0.00085637154, 0.20937794, 1.8863636
1, 10367, 0.71348577, 48.04163, 0.017716279, 0.70066971, 0.01016691, 1.4270608, 0.010105369, 1.425504, 0, 0, 0.010105369, 0.010105369, 0.010105369, 1.425504, 1.425504, 1.425504, 0.0010555637, 0.31623128, 1.8863636
1, 13096, 0.76357637, 67.84062, 0.027966047, 0.64571756, 0.011316174, 1.5910644, 0.011310984, 1.5909747, 0, 0, 0.011310984, 0.011310984, 0.011310984, 1.5909747, 1.5909747, 1.5909747, 0.00085637154, 0.20937794, 1.8863636
1, 31804, 0.77123853, 151.4386, 0.057382776, 0.63654625, 0.030787676, 2.4987796, 0.030869978, 2.500313, 0, 0, 0.030869978, 0.030869978, 0.030869978, 2.500313, 2.500313, 2.500313, 0.0030356485, 0.53348995, 1.8863636
1, 7813, 0.3415583, 34.142135, 0.011872814, 0.93986058, 0.0065889384, 1.2121763, 0.0065622566, 1.2116566, 0, 0, 0.0065622566, 0.0065622566, 0.0065622566, 1.2116566, 1.2116566, 1.2116566, 0.00069878122, 0.7021097, 1.8878788
1, 10055, 0.5947515, 51.355338, 0.02087273, 0.8039096, 0.0095600637, 1.4211594, 0.009550434, 1.4207791, 0, 0, 0.009550434, 0.009550434, 0.009550434, 1.4207791, 1.4207791, 1.4207791, 0.00071230863, 0.50417247, 1.8893939
1, 10122, 0.71686387, 54.183766, 0.023081401, 0.69721317, 0.0089741339, 1.4086169, 0.0089933933, 1.4095767, 0, 0, 0.0089933933, 0.0089933933, 0.0089933933, 1.4095767, 1.4095767, 1.4095767, 0.00060945959, 0.47960227, 1.8893939
1, 5947, 0.52921048, 25.899495, 0.0089758334, 0.8484906, 0.0054096657, 1.0768142, 0.0053415171, 1.0739056, 0, 0, 0.0053415171, 0.0053415171, 0.0053415171, 1.0739056, 1.0739056, 1.0739056, 0.00050263456, 0.23081498, 1.8893939
1, 9524, 0.70422422, 43.213203, 0.01560284, 0.70997763, 0.0094907921, 1.3782095, 0.0093862532, 1.3748129, 0, 0, 0.0093862532, 0.0093862532, 0.0093862532, 1.3748129, 1.3748129, 1.3748129, 0.0009457402, 0.45848485, 1.8871212
1, 7467, 0.37710308, 34.384776, 0.012600169, 0.9261713, 0.0063716793, 1.1973696, 0.0062923484, 1.1948618, 0, 0, 0.0062923484, 0.0062923484, 0.0062923484, 1.1948618, 1.1948618, 1.1948618, 0.00051267067, 0.36092692, 1.8871212
1, 5973, 0.69244382, 27.313708, 0.0099393722, 0.72147179, 0.0052565984, 1.0717514, 0.0052069239, 1.0698133, 0, 0, 0.0052069239, 0.0052069239, 0.0052069239, 1.0698133, 1.0698133, 1.0698133, 0.0004555542, 0.19721925, 1.8871212
1, 30331, 0.71664789, 153.33809, 0.061688403, 0.69743514, 0.035978781, 2.4867281, 0.036327231, 2.4924664, 0, 0, 0.036327231, 0.036327231, 0.036327231, 2.4924664, 2.4924664, 2.4924664, 0.0046895519, 0.083311547, 1.8856061
1, 6284, 0.7650987, 28.142135, 0.010029241, 0.64391303, 0.0055209664, 1.0920861, 0.0054942197, 1.0912913, 0, 0, 0.0054942197, 0.0054942197, 0.0054942197, 1.0912913, 1.0912913, 1.0912913, 0.00056812406, 0.030207225, 1.8856061
1, 10879, 0.86961104, 51.698484, 0.019550451, 0.49373743, 0.0095872091, 1.4442929, 0.0095255431, 1.4428633, 0, 0, 0.0095255431, 0.0095255431, 0.0095255431, 1.4428633, 1.4428633, 1.4428633, 0.00089313142, 0.036057152, 1.8856061
1, 12151, 0.86838644, 58.769552, 0.022619493, 0.49588808, 0.010340575, 1.52382, 0.010427502, 1.5259557, 0, 0, 0.010427502, 0.010427502, 0.010427502, 1.5259557, 1.5259557, 1.5259557, 0.0008392501, 0.03702589, 1.8856061
1, 16245, 0.85966639, 75.597979, 0.027995665, 0.51085585, 0.015286487, 1.7786828, 0.01559556, 1.7853821, 0, 0, 0.01559556, 0.01559556, 0.01559556, 1.7853821, 1.7853821, 1.7853821, 0.0015219342, 0.045490196, 1.8856061
1, 15986, 0.84632712, 74.426406, 0.027574295, 0.53266352, 0.015356326, 1.7670718, 0.01524711, 1.7650305, 0, 0, 0.01524711, 0.01524711, 0.01524711, 1.7650305, 1.7650305, 1.7650305, 0.0015977022, 0.045674621, 1.8856061
1, 31347, 0.67660698, 144.95332, 0.053339688, 0.73634434, 0.033830872, 2.4913581, 0.034175607, 2.4959876, 0, 0, 0.034175607, 0.034175607, 0.034175607, 2.4959876, 2.4959876, 2.4959876, 0.0045378394, 0.077497087, 1.8856061
1, 17268, 0.48517141, 81.254833, 0.030426115, 0.87441909, 0.01583108, 1.825618, 0.016008648, 1.8287996, 0, 0, 0.016008648, 0.016008648, 0.016008648, 1.8287996, 1.8287996, 1.8287996, 0.0016059579, 0.045800274, 1.8856061
1, 30843, 0.62187986, 147.19596, 0.055901736, 0.78311265, 0.033534429, 2.4572303, 0.034473536, 2.4666308, 0, 0, 0.034473536, 0.034473536, 0.034473536, 2.4666308, 2.4666308, 2.4666308, 0.0055703241, 0.078706997, 1.8856061
1, 12667, 0.2927304, 56.870057, 0.020318128, 0.956195, 0.011186811, 1.5535104, 0.011567951, 1.5602152, 0, 0, 0.011567951, 0.011567951, 0.011567951, 1.5602152, 1.5602152, 1.5602152, 0.0012596202, 0.038806303, 1.8856061
1, 18028, 0.86448784, 83.84062, 0.03102784, 0.50265372, 0.015753068, 1.8585078, 0.015764956, 1.8587875, 0, 0, 0.015764956, 0.015764956, 0.015764956, 1.8587875, 1.8587875, 1.8587875, 0.0015065295, 0.046162031, 1.8856061
1, 6545, 0.68880705, 29.556349, 0.010621407, 0.72494471, 0.0052497845, 1.1037454, 0.0052520134, 1.1037928, 0, 0, 0.0052520134, 0.0052520134, 0.0052520134, 1.1037928, 1.1037928, 1.1037928, 0.00051450857, 0.029332725, 1.8856061
1, 13442, 0.78064845, 63.112698, 0.023580865, 0.62497038, 0.011593955, 1.5990851, 0.011637047, 1.5998294, 0, 0, 0.011637047, 0.011637047, 0.011637047, 1.5998294, 1.5998294, 1.5998294, 0.0011496632, 0.039120434, 1.8856061
1, 9344, 0.94331865, 45.112698, 0.017332248, 0.33188841, 0.0072728759, 1.3227919, 0.007270647, 1.3227619, 0, 0, 0.007270647, 0.007270647, 0.007270647, 1.3227619, 1.3227619, 1.3227619, 0.0005212049, 0.032035264, 1.8856061
1, 12148, 0.74085953, 61.597979, 0.024855258, 0.67166001, 0.0098316443, 1.5140743, 0.009859134, 1.5145297, 0, 0, 0.009859134, 0.009859134, 0.009859134, 1.5145297, 1.5145297, 1.5145297, 0.00080586178, 0.021619294, 1.8856061
1, 18274, 0.89011672, 85.84062, 0.032087967, 0.45573261, 0.015545781, 1.8709118, 0.015406104, 1.8685189, 0, 0, 0.015406104, 0.015406104, 0.015406104, 1.8685189, 1.8685189, 1.8685189, 0.001239566, 0.044409991, 1.8856061
-1, 15217, 0.96432571, 72.426406, 0.027431842, 0.26471859, 0.012654165, 1.7026975, 0.01257021, 1.7011184, 0, 0, 0.01257021, 0.01257021, 0.01257021, 1.7011184, 1.7011184, 1.7011184, 0.0009571574, 0.04036581, 1.8856061
1, 20139, 0.504569, 83.254833, 0.027388683, 0.86337137, 0.021008684, 1.9147707, 0.021415208, 1.9273784, 0, 0, 0.021415208, 0.021415208, 0.021415208, 1.9273784, 1.9273784, 1.9273784, 0.0021431095, 0.4322549, 1.8886364
1, 15487, 0.65834598, 73.597979, 0.027832654, 0.75271547, 0.012507288, 1.6988233, 0.012441265, 1.6966475, 0, 0, 0.012441265, 0.012441265, 0.012441265, 1.6966475, 1.6966475, 1.6966475, 0.0007613622, 0.28724599, 1.8886364
1, 7438, 0.63311883, 31.313708, 0.010490664, 0.77405459, 0.0067120965, 1.1873022, 0.0065310894, 1.18145, 0, 0, 0.0065310894, 0.0065310894, 0.0065310894, 1.18145, 1.18145, 1.18145, 0.00071337755, 0.12667558, 1.8886364
1, 19552, 0.84883542, 80.183766, 0.026168079, 0.5286572, 0.022442656, 1.9405699, 0.022227111, 1.9355464, 0, 0, 0.022227111, 0.022227111, 0.022227111, 1.9355464, 1.9355464, 1.9355464, 0.0025447982, 0.068005204, 1.8901515
1, 14156, 0.73742704, 63.112698, 0.022391494, 0.67542678, 0.013975644, 1.6592633, 0.013695657, 1.6527379, 0, 0, 0.013695657, 0.013695657, 0.013695657, 1.6527379, 1.6527379, 1.6527379, 0.0015120715, 0.053010663, 1.8901515
1, 80326, 0.57137085, 269.80613, 0.072116995, 0.820692, 0.12059956, 3.885156, 0.11969441, 3.8771473, 0, 0, 0.11969441, 0.11969441, 0.11969441, 3.8771473, 3.8771473, 3.8771473, 0.014569193, 0.26197604, 1.8901515
1, 16154, 0.88216134, 73.597979, 0.026683441, 0.4709473, 0.013915647, 1.7446816, 0.013723804, 1.7400253, 0, 0, 0.013723804, 0.013723804, 0.013723804, 1.7400253, 1.7400253, 1.7400253, 0.0010837025, 0.05056765, 1.8901515
1, 13165, 0.68004684, 61.355338, 0.02275485, 0.73316866, 0.011195033, 1.5735425, 0.011197996, 1.5736338, 0, 0, 0.011197996, 0.011197996, 0.011197996, 1.5736338, 1.5736338, 1.5736338, 0.00091704039, 0.046247969, 1.8901515
1, 22482, 0.3726073, 95.154328, 0.032048838, 0.92798913, 0.021442703, 1.9906642, 0.02148122, 1.9914689, 0, 0, 0.02148122, 0.02148122, 0.02148122, 1.9914689, 1.9914689, 1.9914689, 0.0029038151, 0.062842275, 1.8901515
1, 6614, 0.79921629, 28.727922, 0.0099296597, 0.60104352, 0.0061256401, 1.1335308, 0.0061248994, 1.133639, 0, 0, 0.0061248994, 0.0061248994, 0.0061248994, 1.133639, 1.133639, 1.133639, 0.00051819708, 0.039296145, 1.8901515
-1, 39565, 0.97865238, 162.99495, 0.053435177, 0.20552257, 0.037250114, 2.6639258, 0.037751572, 2.6757116, 0, 0, 0.037751572, 0.037751572, 0.037751572, 2.6757116, 2.6757116, 2.6757116, 0.0031180221, 0.090469846, 1.8901515
-1, 10259, 0.98134621, 47.698484, 0.01764795, 0.19224885, 0.0083225746, 1.3871199, 0.0084573831, 1.3921131, 0, 0, 0.0084573831, 0.0084573831, 0.0084573831, 1.3921131, 1.3921131, 1.3921131, 0.00055333786, 0.029606641, 1.8901515
1, 31804, 0.77123853, 151.4386, 0.057382776, 0.63654625, 0.030787676, 2.4987796, 0.030869978, 2.500313, 0, 0, 0.030869978, 0.030869978, 0.030869978, 2.500313, 2.500313, 2.500313, 0.0030356485, 0.53348995, 1.8863636
1, 10367, 0.71348577, 48.04163, 0.017716279, 0.70066971, 0.01016691, 1.4270608, 0.010105369, 1.425504, 0, 0, 0.010105369, 0.010105369, 0.010105369, 1.425504, 1.425504, 1.425504, 0.0010555637, 0.31623128, 1.8863636
1, 13096, 0.76357637, 67.84062, 0.027966047, 0.64571756, 0.011316174, 1.5910644, 0.011310984, 1.5909747, 0, 0, 0.011310984, 0.011310984, 0.011310984, 1.5909747, 1.5909747, 1.5909747, 0.00085637154, 0.20937794, 1.8863636
1, 5910, 0.44213139, 27.556349, 0.010224592, 0.8969503, 0.0054608307, 1.073082, 0.0054415764, 1.0729868, 0, 0, 0.0054415764, 0.0054415764, 0.0054415764, 1.0729868, 1.0729868, 1.0729868, 0.00056613615, 0.77609108, 1.8878788
1, 23729, 0.68654039, 109.05382, 0.039883429, 0.72709167, 0.027845181, 2.184895, 0.027417583, 2.1778417, 0, 0, 0.027417583, 0.027417583, 0.027417583, 2.1778417, 2.1778417, 2.1778417, 0.0037083721, 0.075703577, 1.8878788
1, 11108, 0.8379625, 52.284271, 0.019583773, 0.54572779, 0.0088375209, 1.4477173, 0.0089044493, 1.4489933, 0, 0, 0.0089044493, 0.0089044493, 0.0089044493, 1.4489933, 1.4489933, 1.4489933, 0.00068564579, 0.020468335, 1.8878788
1, 6519, 0.54807308, 29.556349, 0.010663769, 0.83643043, 0.0057982288, 1.1206936, 0.0059164689, 1.1257468, 0, 0, 0.0059164689, 0.0059164689, 0.0059164689, 1.1257468, 1.1257468, 1.1257468, 0.00050060503, 0.030365738, 1.8878788
1, 68402, 0.88743343, 328.47518, 0.12552391, 0.46093589, 0.072666375, 3.6409956, 0.073336402, 3.6490879, 0, 0, 0.073336402, 0.073336402, 0.073336402, 3.6490879, 3.6490879, 3.6490879, 0.0086145028, 0.16127204, 1.8878788
1, 7718, 0.85551742, 36.627417, 0.013832413, 0.51777405, 0.0064437158, 1.2157515, 0.0064362793, 1.215568, 0, 0, 0.0064362793, 0.0064362793, 0.0064362793, 1.215568, 1.215568, 1.215568, 0.00049883558, 0.031214618, 1.8878788
1, 6138, 0.61696908, 26.485281, 0.009094366, 0.78698736, 0.0055952127, 1.0997415, 0.0056747831, 1.1032906, 0, 0, 0.0056747831, 0.0056747831, 0.0056747831, 1.1032906, 1.1032906, 1.1032906, 0.00047261451, 0.030080069, 1.8878788
1, 7437, 0.53899899, 34.384776, 0.012650997, 0.84230644, 0.0070512768, 1.2078369, 0.0071293599, 1.2105139, 0, 0, 0.0071293599, 0.0071293599, 0.0071293599, 1.2105139, 1.2105139, 1.2105139, 0.00076806004, 0.033324624, 1.8878788
1, 8597, 0.76949203, 38.384776, 0.013638331, 0.63865644, 0.0073338633, 1.282954, 0.0073836878, 1.2848312, 0, 0, 0.0073836878, 0.0073836878, 0.0073836878, 1.2848312, 1.2848312, 1.2848312, 0.00054580404, 0.032891475, 1.8878788
1, 10079, 0.85386303, 50.284271, 0.019963515, 0.52049774, 0.0082812717, 1.3898588, 0.0082604496, 1.3891033, 0, 0, 0.0082604496, 0.0082604496, 0.0082604496, 1.3891033, 1.3891033, 1.3891033, 0.000519444, 0.034117763, 1.8878788
1, 9580, 0.75865493, 47.698484, 0.018898781, 0.65149266, 0.0082582186, 1.3568466, 0.0082269854, 1.3559603, 0, 0, 0.0082269854, 0.0082269854, 0.0082269854, 1.3559603, 1.3559603, 1.3559603, 0.00065444323, 0.03430821, 1.8878788
1, 12885, 0.82807256, 59.941125, 0.022189907, 0.56062096, 0.014557667, 1.6069328, 0.014617159, 1.6089612, 0, 0, 0.014617159, 0.014617159, 0.014617159, 1.6089612, 1.6089612, 1.6089612, 0.0018533063, 0.048268854, 1.8878788
1, 18849, 0.84416409, 91.154328, 0.035079743, 0.53608489, 0.017549365, 1.9109809, 0.017613319, 1.9126312, 0, 0, 0.017613319, 0.017613319, 0.017613319, 1.9126312, 1.9126312, 1.9126312, 0.0015529315, 0.050928136, 1.8878788
1, 9098, 0.71560204, 38.727922, 0.013118754, 0.6985082, 0.0084656966, 1.3281319, 0.0084114102, 1.3266294, 0, 0, 0.0084114102, 0.0084114102, 0.0084114102, 1.3266294, 1.3266294, 1.3266294, 0.00083643815, 0.035061866, 1.8878788
1, 11876, 0.43173604, 53.455844, 0.019147423, 0.90200001, 0.012308129, 1.5371132, 0.012250125, 1.5360374, 0, 0, 0.012250125, 0.012250125, 0.012250125, 1.5360374, 1.5360374, 1.5360374, 0.0014593704, 0.043254542, 1.8878788
1, 8370, 0.72794586, 36.970562, 0.012995015, 0.68563461, 0.007827646, 1.2751696, 0.0078811887, 1.2772163, 0, 0, 0.0078811887, 0.0078811887, 0.0078811887, 1.2772163, 1.2772163, 1.2772163, 0.00073612644, 0.034178149, 1.8878788
1, 9970, 0.82228409, 46.04163, 0.016919844, 0.56907719, 0.0086493778, 1.3902715, 0.0085527035, 1.3877729, 0, 0, 0.0085527035, 0.0085527035, 0.0085527035, 1.3877729, 1.3877729, 1.3877729, 0.00070915057, 0.035409082, 1.8878788
1, 7540, 0.83628978, 33.556349, 0.011884152, 0.54828769, 0.0070624315, 1.2140617, 0.0071048195, 1.215887, 0, 0, 0.0071048195, 0.0071048195, 0.0071048195, 1.215887, 1.215887, 1.215887, 0.00065729721, 0.032749801, 1.8878788
-1, 11552, 0.88903605, 39.79899, 0.010911314, 0.45783719, 0.011961589, 1.5451795, 0.013013108, 1.6426853, 0, 0, 0.013013108, 0.013013108, 0.013013108, 1.6426853, 1.6426853, 1.6426853, 0.00075846713, 0.040507005, 1.8878788
-1, 8369, 0.81759864, 40.870057, 0.0158828, 0.57578856, 0.0074714383, 1.2659507, 0.0073859187, 1.2634237, 0, 0, 0.0073859187, 0.0073859187, 0.0073859187, 1.2634237, 1.2634237, 1.2634237, 0.00068841601, 0.033686936, 1.8878788
-1, 14343, 0.98623075, 66.284271, 0.024376486, 0.16537504, 0.011360721, 1.6538509, 0.011316846, 1.652919, 0, 0, 0.011316846, 0.011316846, 0.011316846, 1.652919, 1.652919, 1.652919, 0.00067043508, 0.038983435, 1.8878788
1, 7868, 0.61456245, 38.04163, 0.014636729, 0.78886819, 0.0066877774, 1.2061235, 0.0069211843, 1.2156061, 0, 0, 0.0069211843, 0.0069211843, 0.0069211843, 1.2156061, 1.2156061, 1.2156061, 0.00056233135, 0.022120188, 1.8886364
1, 17100, 0.8406472, 85.497474, 0.034017359, 0.54158312, 0.012987534, 1.78902, 0.012994968, 1.7891442, 0, 0, 0.012994968, 0.012994968, 0.012994968, 1.7891442, 1.7891442, 1.7891442, 0.00076353212, 0.031758353, 1.8886364
1, 7179, 0.77010156, 30.727922, 0.010466285, 0.63792127, 0.0059444432, 1.1514255, 0.0059258599, 1.1511057, 0, 0, 0.0059258599, 0.0059258599, 0.0059258599, 1.1511057, 1.1511057, 1.1511057, 0.00064125413, 0.02116723, 1.8886364
1, 6433, 0.76849501, 26.485281, 0.008677323, 0.6398558, 0.0052063124, 1.0852646, 0.0052219224, 1.0857059, 0, 0, 0.0052219224, 0.0052219224, 0.0052219224, 1.0857059, 1.0857059, 1.0857059, 0.00050809095, 0.010914551, 1.8886364
1, 13625, 0.81472563, 66.426406, 0.025771229, 0.57984668, 0.010993169, 1.5965295, 0.011019929, 1.5971243, 0, 0, 0.011019929, 0.011019929, 0.011019929, 1.5971243, 1.5971243, 1.5971243, 0.0008398231, 0.029285281, 1.8886364
1, 11623, 0.48517301, 50.627417, 0.017548639, 0.8744182, 0.0093511436, 1.4686597, 0.0093734436, 1.4692794, 0, 0, 0.0093734436, 0.0093734436, 0.0093734436, 1.4692794, 1.4692794, 1.4692794, 0.00076966936, 0.026680528, 1.8886364
1, 36120, 0.88489418, 169.92388, 0.063613783, 0.46579212, 0.032077842, 2.6079013, 0.031978235, 2.6070193, 0, 0, 0.031978235, 0.031978235, 0.031978235, 2.6070193, 2.6070193, 2.6070193, 0.0031934951, 0.067666984, 1.8886364
1, 7229, 0.5324695, 30.727922, 0.010393894, 0.8464492, 0.006404567, 1.1629895, 0.0063859837, 1.1624555, 0, 0, 0.0063859837, 0.0063859837, 0.0063859837, 1.1624555, 1.1624555, 1.1624555, 0.00064666604, 0.021931907, 1.8886364
1, 10805, 0.57324624, 46.627417, 0.016012092, 0.81938314, 0.0099673676, 1.41899, 0.0099056709, 1.4177062, 0, 0, 0.0099056709, 0.0099056709, 0.0099056709, 1.4177062, 1.4177062, 1.4177062, 0.0011596394, 0.028826706, 1.8886364
1, 7977, 0.33144954, 38.04163, 0.014436728, 0.94347292, 0.0070482944, 1.2240899, 0.0070304544, 1.2237851, 0, 0, 0.0070304544, 0.0070304544, 0.0070304544, 1.2237851, 1.2237851, 1.2237851, 0.00072468072, 0.023120506, 1.8886364
1, 15128, 0.88644269, 70.08326, 0.02583671, 0.46283835, 0.013181544, 1.6734483, 0.013158501, 1.6731284, 0, 0, 0.013158501, 0.013158501, 0.013158501, 1.6731284, 1.6731284, 1.6731284, 0.001260276, 0.033532588, 1.8886364
1, 9527, 0.86304435, 44.284271, 0.016380719, 0.50512815, 0.0081945157, 1.3371292, 0.0081870823, 1.3370465, 0, 0, 0.0081870823, 0.0081870823, 0.0081870823, 1.3370465, 1.3370465, 1.3370465, 0.00075826957, 0.024899362, 1.8886364
1, 13925, 0.81402988, 62.526911, 0.022342352, 0.580823, 0.012358674, 1.611355, 0.012339347, 1.6111951, 0, 0, 0.012339347, 0.012339347, 0.012339347, 1.6111951, 1.6111951, 1.6111951, 0.0012770768, 0.03240983, 1.8886364
1, 8803, 0.85719317, 37.79899, 0.012915755, 0.51499504, 0.0074296248, 1.2622429, 0.0074667915, 1.2634152, 0, 0, 0.0074667915, 0.0074667915, 0.0074667915, 1.2634152, 1.2634152, 1.2634152, 0.00074436603, 0.023574461, 1.8886364
1, 7489, 0.56893558, 32.970562, 0.011550985, 0.82238209, 0.0062603602, 1.1771124, 0.0062551569, 1.1769852, 0, 0, 0.0062551569, 0.0062551569, 0.0062551569, 1.1769852, 1.1769852, 1.1769852, 0.00057432335, 0.021473332, 1.8886364
1, 14762, 0.70554267, 65.355338, 0.023025394, 0.70866746, 0.014503193, 1.6801769, 0.014420683, 1.6784316, 0, 0, 0.014420683, 0.014420683, 0.014420683, 1.6784316, 1.6784316, 1.6784316, 0.0016204366, 0.037236998, 1.8886364
1, 56957, 0.72468737, 235.62236, 0.077566831, 0.68907779, 0.065414892, 3.2916744, 0.067644151, 3.3245309, 0, 0, 0.067644151, 0.067644151, 0.067644151, 3.3245309, 3.3245309, 3.3245309, 0.0076172175, 0.13924168, 1.8886364
1, 17653, 0.73838168, 80.08326, 0.028910467, 0.67438304, 0.015520074, 1.8250095, 0.015458377, 1.8237813, 0, 0, 0.015458377, 0.015458377, 0.015458377, 1.8237813, 1.8237813, 1.8237813, 0.0012730744, 0.037662075, 1.8886364
1, 7516, 0.7929598, 33.79899, 0.012095137, 0.60927397, 0.0065532339, 1.1868642, 0.0065153238, 1.1856466, 0, 0, 0.0065153238, 0.0065153238, 0.0065153238, 1.1856466, 1.1856466, 1.1856466, 0.00059125439, 0.022240319, 1.8886364
1, 14189, 0.77952094, 59.698484, 0.019987798, 0.62637615, 0.014547049, 1.6373316, 0.014636993, 1.6403845, 0, 0, 0.014636993, 0.014636993, 0.014636993, 1.6403845, 1.6403845, 1.6403845, 0.0016543599, 0.038075601, 1.8886364
1, 14710, 0.61887253, 73.254833, 0.0290302, 0.78549141, 0.012196126, 1.6708493, 0.012149386, 1.6700375, 0, 0, 0.012149386, 0.012149386, 0.012149386, 1.6700375, 1.6700375, 1.6700375, 0.00097477774, 0.66103286, 1.8871212
1, 8327, 0.68444328, 40.627417, 0.015773933, 0.72906613, 0.007953189, 1.2746793, 0.0078463551, 1.2712309, 0, 0, 0.0078463551, 0.0078463551, 0.0078463551, 1.2712309, 1.2712309, 1.2712309, 0.0007665914, 0.33375679, 1.8871212
1, 14704, 0.48414758, 65.112698, 0.022944892, 0.87498635, 0.017211567, 1.7217705, 0.016451896, 1.7056015, 0, 0, 0.016451896, 0.016451896, 0.016451896, 1.7056015, 1.7056015, 1.7056015, 0.0024310623, 0.50225462, 1.8871212
1, 5956, 0.55921778, 27.556349, 0.010145625, 0.8290208, 0.0050049397, 1.0603624, 0.0049797409, 1.0597962, 0, 0, 0.0049797409, 0.0049797409, 0.0049797409, 1.0597962, 1.0597962, 1.0597962, 0.00055426086, 0.58848392, 1.8871212
1, 9390, 0.64920105, 39.213203, 0.013031343, 0.76061684, 0.0097816232, 1.3313258, 0.0096069513, 1.3248971, 0, 0, 0.0096069513, 0.0096069513, 0.0096069513, 1.3248971, 1.3248971, 1.3248971, 0.0010992207, 0.48922476, 1.8878788
1, 10181, 0.92292067, 42.970562, 0.014432507, 0.38499016, 0.0091465874, 1.3817368, 0.00905111, 1.3790777, 0, 0, 0.00905111, 0.00905111, 0.00905111, 1.3790777, 1.3790777, 1.3790777, 0.00090191653, 0.47964779, 1.8878788
-1, 19035, 0.94025027, 87.254833, 0.031828505, 0.34048411, 0.015546534, 1.888041, 0.015411089, 1.8845353, 0, 0, 0.015411089, 0.015411089, 0.015411089, 1.8845353, 1.8845353, 1.8845353, 0.0010057109, 0.55307734, 1.8878788
-1, 14039, 0.99152887, 63.941125, 0.023174721, 0.12988646, 0.011124228, 1.627186, 0.011070938, 1.6255152, 0, 0, 0.011070938, 0.011070938, 0.011070938, 1.6255152, 1.6255152, 1.6255152, 0.00063444342, 0.34919208, 1.8878788
1, 14961, 0.8678455, 71.84062, 0.027451726, 0.49683416, 0.012459199, 1.6888855, 0.012425908, 1.6881284, 0, 0, 0.012425908, 0.012425908, 0.012425908, 1.6881284, 1.6881284, 1.6881284, 0.00087445555, 0.031868991, 1.8886364
1, 26450, 0.66643054, 145.58073, 0.063763518, 0.74556714, 0.022566531, 2.2471425, 0.022485892, 2.2461622, 0, 0, 0.022485892, 0.022485892, 0.022485892, 2.2461622, 2.2461622, 2.2461622, 0.0018950113, 0.048805605, 1.8886364
1, 16512, 0.48486289, 77.012193, 0.028583107, 0.87459016, 0.017405592, 1.8218427, 0.017228777, 1.8177292, 0, 0, 0.017228777, 0.017228777, 0.017228777, 1.8177292, 1.8177292, 1.8177292, 0.001785352, 0.043383847, 1.8886364
1, 6546, 0.47937001, 27.899495, 0.00946252, 0.87761289, 0.0059947089, 1.1252148, 0.0059199877, 1.1220446, 0, 0, 0.0059199877, 0.0059199877, 0.0059199877, 1.1220446, 1.1220446, 1.1220446, 0.00053772226, 0.02204443, 1.8886364
1, 72486, 0.8699567, 344.13203, 0.13001283, 0.49312812, 0.10724189, 4.0731899, 0.10716421, 4.0747131, 0, 0, 0.10716421, 0.10716421, 0.10716421, 4.0747131, 4.0747131, 4.0747131, 0.01025176, 0.21854, 1.8886364
1, 52806, 0.9237178, 252.24978, 0.095888927, 0.38307366, 0.061082702, 3.3094142, 0.059712568, 3.2903868, 0, 0, 0.059712568, 0.059712568, 0.059712568, 3.2903868, 3.2903868, 3.2903868, 0.0061474065, 0.12844821, 1.8886364
1, 9153, 0.82394018, 42.870057, 0.015978456, 0.5666768, 0.0087963826, 1.3298224, 0.0087556929, 1.3287566, 0, 0, 0.0087556929, 0.0087556929, 0.0087556929, 1.3287566, 1.3287566, 1.3287566, 0.0009608054, 0.027370594, 1.8886364
1, 11639, 0.90836929, 57.355338, 0.022491694, 0.4181689, 0.0091855245, 1.4805522, 0.0091870041, 1.4806137, 0, 0, 0.0091870041, 0.0091870041, 0.0091870041, 1.4806137, 1.4806137, 1.4806137, 0.00056796882, 0.026043126, 1.8886364
1, 10873, 0.91898442, 50.284271, 0.018505681, 0.39429384, 0.0097189301, 1.4479073, 0.0096027793, 1.4447252, 0, 0, 0.0096027793, 0.0096027793, 0.0096027793, 1.4447252, 1.4447252, 1.4447252, 0.00086667493, 0.028598121, 1.8886364
1, 8330, 0.70127899, 36.142135, 0.012478798, 0.71288693, 0.0079359795, 1.2788191, 0.0079308008, 1.278849, 0, 0, 0.0079308008, 0.0079308008, 0.0079308008, 1.278849, 1.278849, 1.278849, 0.00071674975, 0.025583618, 1.8886364
1, 6291, 0.5996271, 28.727922, 0.01043948, 0.80027956, 0.0055700559, 1.0986796, 0.0055744948, 1.0989603, 0, 0, 0.0055744948, 0.0055744948, 0.0055744948, 1.0989603, 1.0989603, 1.0989603, 0.00045869354, 0.0211265, 1.8886364
1, 13330, 0.31956113, 60.526911, 0.021870414, 0.94756567, 0.015911169, 1.6690439, 0.01654223, 1.6906545, 0, 0, 0.01654223, 0.01654223, 0.01654223, 1.6906545, 1.6906545, 1.6906545, 0.0018057103, 0.041307914, 1.8886364
1, 6298, 0.7298361, 28.142135, 0.010006946, 0.68362218, 0.0053015036, 1.0878792, 0.0052630333, 1.086611, 0, 0, 0.0052630333, 0.0052630333, 0.0052630333, 1.086611, 1.086611, 1.086611, 0.00045689961, 0.011835316, 1.8886364
1, 34326, 0.51945054, 170.06602, 0.067050498, 0.85450053, 0.034646164, 2.6014274, 0.035138272, 2.6085226, 0, 0, 0.035138272, 0.035138272, 0.035138272, 2.6085226, 2.6085226, 2.6085226, 0.0038888645, 0.47743519, 1.8871212
1, 8798, 0.64485694, 40.142135, 0.014574952, 0.76430327, 0.0080449241, 1.3091832, 0.0080004565, 1.3078122, 0, 0, 0.0080004565, 0.0080004565, 0.0080004565, 1.3078122, 1.3078122, 1.3078122, 0.00070303283, 0.53700221, 1.8871212
1, 7657, 0.38537331, 34.142135, 0.012114705, 0.92276078, 0.0060424013, 1.205638, 0.0060550005, 1.2058725, 0, 0, 0.0060550005, 0.0060550005, 0.0060550005, 1.2058725, 1.2058725, 1.2058725, 0.00046303665, 0.51935272, 1.8871212
1, 7654, 0.82530034, 37.213203, 0.014397788, 0.56469405, 0.0066701351, 1.2143925, 0.0066471602, 1.213893, 0, 0, 0.0066471602, 0.0066471602, 0.0066471602, 1.213893, 1.213893, 1.213893, 0.00067303167, 0.52803168, 1.8871212
1, 7910, 0.59055003, 40.04163, 0.016130103, 0.80700105, 0.0066056572, 1.2283097, 0.0066679118, 1.2294016, 0, 0, 0.0066679118, 0.0066679118, 0.0066679118, 1.2294016, 1.2294016, 1.2294016, 0.00069467799, 0.52627257, 1.8871212
1, 9310, 0.82828662, 41.79899, 0.014933858, 0.56030464, 0.008438577, 1.3431465, 0.0083501099, 1.3406731, 0, 0, 0.0083501099, 0.0083501099, 0.0083501099, 1.3406731, 1.3406731, 1.3406731, 0.00077257812, 0.21187267, 1.8878788
1, 10285, 0.77064219, 49.698484, 0.019110503, 0.63726807, 0.0084445244, 1.3834563, 0.0084705442, 1.3840404, 0, 0, 0.0084705442, 0.0084705442, 0.0084705442, 1.3840404, 1.3840404, 1.3840404, 0.00076420006, 0.21036883, 1.8878788
1, 20969, 0.69518824, 98.325901, 0.036690048, 0.71882772, 0.01681322, 2.0005961, 0.016827345, 2.0008503, 0, 0, 0.016827345, 0.016827345, 0.016827345, 2.0008503, 2.0008503, 2.0008503, 0.0010758365, 0.16294368, 1.8878788
1, 20140, 0.88352188, 95.154328, 0.035775669, 0.4683899, 0.019043484, 1.9863859, 0.0188948, 1.9828069, 0, 0, 0.0188948, 0.0188948, 0.0188948, 1.9828069, 1.9828069, 1.9828069, 0.0015678662, 0.27555478, 1.8878788
1, 7795, 0.69768476, 36.384776, 0.013514918, 0.71640491, 0.0068840828, 1.2290477, 0.0068238656, 1.2267137, 0, 0, 0.0068238656, 0.0068238656, 0.0068238656, 1.2267137, 1.2267137, 1.2267137, 0.00054065738, 0.20258739, 1.8878788
1, 7738, 0.69481553, 34.384776, 0.012158887, 0.71918797, 0.0074193462, 1.2318456, 0.0075308594, 1.2375127, 0, 0, 0.0075308594, 0.0075308594, 0.0075308594, 1.2375127, 1.2375127, 1.2375127, 0.00061919005, 0.20714134, 1.8878788
1, 8141, 0.48124156, 35.556349, 0.012357958, 0.87658805, 0.0078014648, 1.2627372, 0.0077650372, 1.2613935, 0, 0, 0.0077650372, 0.0077650372, 0.0077650372, 1.2613935, 1.2613935, 1.2613935, 0.00071874179, 0.20939711, 1.8878788
1, 7640, 0.90930821, 36.627417, 0.013973634, 0.41612327, 0.0071970632, 1.2225472, 0.0072617409, 1.2257591, 0, 0, 0.0072617409, 0.0072617409, 0.0072617409, 1.2257591, 1.2257591, 1.2257591, 0.00062330958, 0.20556423, 1.8878788
1, 7444, 0.49397415, 32.727922, 0.011450399, 0.86947662, 0.0072030106, 1.2160091, 0.0072825567, 1.2190912, 0, 0, 0.0072825567, 0.0072825567, 0.0072825567, 1.2190912, 1.2190912, 1.2190912, 0.00068852259, 0.20560665, 1.8878788
1, 7152, 0.78857734, 32.142135, 0.011495082, 0.61493558, 0.0063555101, 1.1796027, 0.0063488193, 1.1794606, 0, 0, 0.0063488193, 0.0063488193, 0.0063488193, 1.1794606, 1.1794606, 1.1794606, 0.00057600223, 0.19929049, 1.8878788
1, 8549, 0.69380089, 41.455844, 0.015997287, 0.72016686, 0.0074193462, 1.2846998, 0.0073531817, 1.2823431, 0, 0, 0.0073531817, 0.0073531817, 0.0073531817, 1.2823431, 1.2823431, 1.2823431, 0.00056729227, 0.2050321, 1.8878788
1, 84708, 0.94821581, 376.57568, 0.13322025, 0.31762677, 0.14464225, 4.5526414, 0.13685133, 4.4508941, 0, 0, 0.13685133, 0.13685133, 0.13685133, 4.4508941, 4.4508941, 4.4508941, 0.014565167, 0.091480204, 1.8893939
1, 6801, 0.83707706, 30.142135, 0.010630786, 0.54708499, 0.0063516902, 1.1658048, 0.0063930645, 1.1686182, 0, 0, 0.0063930645, 0.0063930645, 0.0063930645, 1.1686182, 1.1686182, 1.1686182, 0.00045717892, 0.0083024727, 1.8893939
1, 36714, 0.53885596, 165.92388, 0.059672773, 0.84239793, 0.059896653, 2.9289346, 0.057094285, 2.8782706, 0, 0, 0.057094285, 0.057094285, 0.057094285, 2.8782706, 2.8782706, 2.8782706, 0.0069538243, 0.041505542, 1.8893939
1, 10221, 0.78310158, 51.112698, 0.02034016, 0.62189382, 0.009450328, 1.4119162, 0.0092464119, 1.4041211, 0, 0, 0.0092464119, 0.0092464119, 0.0092464119, 1.4041211, 1.4041211, 1.4041211, 0.00076084153, 0.010008251, 1.8893939
1, 6319, 0.51367209, 27.313708, 0.0093951369, 0.85798657, 0.0054614044, 1.092205, 0.0054133807, 1.0904345, 0, 0, 0.0054133807, 0.0054133807, 0.0054133807, 1.0904345, 1.0904345, 1.0904345, 0.00046838986, 0.007948713, 1.8893939
1, 17484, 0.67323993, 76.769552, 0.026824235, 0.73942411, 0.020909525, 1.896444, 0.020811261, 1.8944955, 0, 0, 0.020811261, 0.020811261, 0.020811261, 1.8944955, 1.8944955, 1.8944955, 0.0023692353, 0.017335204, 1.8893939
1, 6553, 0.43196306, 29.556349, 0.01060844, 0.90189129, 0.0060192184, 1.1276046, 0.0059793217, 1.1258146, 0, 0, 0.0059793217, 0.0059793217, 0.0059793217, 1.1258146, 1.1258146, 1.1258146, 0.00051263336, 0.0082511467, 1.8893939
1, 14942, 0.78695648, 70.426406, 0.026415112, 0.61700851, 0.018128582, 1.8046741, 0.017484326, 1.7813983, 0, 0, 0.017484326, 0.017484326, 0.017484326, 1.7813983, 1.7813983, 1.7813983, 0.0016829855, 0.015043075, 1.8893939
1, 9905, 0.52295909, 47.698484, 0.018278679, 0.8523578, 0.011176965, 1.4607848, 0.011039543, 1.4541939, 0, 0, 0.011039543, 0.011039543, 0.011039543, 1.4541939, 1.4541939, 1.4541939, 0.00094436272, 0.010998389, 1.8893939
1, 52405, 0.72410855, 235.865, 0.084478157, 0.689686, 0.084999756, 3.5908703, 0.08269979, 3.5493434, 0, 0, 0.08269979, 0.08269979, 0.08269979, 3.5493434, 3.5493434, 3.5493434, 0.0081356885, 0.05397322, 1.8893939
1, 7178, 0.17742074, 30.727922, 0.010467743, 0.98413509, 0.0075330736, 1.2138604, 0.0073734871, 1.204795, 0, 0, 0.0073734871, 0.0073734871, 0.0073734871, 1.204795, 1.204795, 1.204795, 0.00064171682, 0.0090473499, 1.8893939
1, 16417, 0.78804046, 75.597979, 0.027702356, 0.61562347, 0.018468443, 1.8544337, 0.018093858, 1.8423146, 0, 0, 0.018093858, 0.018093858, 0.018093858, 1.8423146, 1.8423146, 1.8423146, 0.001646884, 0.015030406, 1.8893939
1, 37293, 0.62134933, 180.30866, 0.069373877, 0.78353369, 0.04631998, 2.7656139, 0.045518353, 2.753668, 0, 0, 0.045518353, 0.045518353, 0.045518353, 2.753668, 2.753668, 2.753668, 0.0054922258, 0.032581634, 1.8893939
1, 7311, 0.52746104, 34.384776, 0.012869028, 0.84957922, 0.0063265701, 1.1627247, 0.0062903676, 1.1613926, 0, 0, 0.0062903676, 0.0062903676, 0.0062903676, 1.1613926, 1.1613926, 1.1613926, 0.00056546327, 0.0083200146, 1.8893939
1, 19211, 0.92541602, 91.396969, 0.034602203, 0.37895274, 0.016950893, 1.8957845, 0.0168711, 1.8941379, 0, 0, 0.0168711, 0.0168711, 0.0168711, 1.8941379, 1.8941379, 1.8941379, 0.0015155553, 0.013622188, 1.8893939
1, 17677, 0.95749682, 93.396969, 0.039268755, 0.28844383, 0.014853365, 1.8261423, 0.014936853, 1.8286227, 0, 0, 0.014936853, 0.014936853, 0.014936853, 1.8286227, 1.8286227, 1.8286227, 0.0010049328, 0.012371847, 1.8893939
1, 10804, 0.88359794, 47.213203, 0.016418463, 0.4682464, 0.010164034, 1.4434667, 0.010079069, 1.4410589, 0, 0, 0.010079069, 0.010079069, 0.010079069, 1.4410589, 1.4410589, 1.4410589, 0.00096820993, 0.010439975, 1.8893939
1, 7908, 0.6178826, 33.556349, 0.011331121, 0.78627038, 0.0069686102, 1.2095199, 0.0069626996, 1.2093721, 0, 0, 0.0069626996, 0.0069626996, 0.0069626996, 1.2093721, 1.2093721, 1.2093721, 0.00062926038, 0.0051891267, 1.8893939
1, 30438, 0.64212052, 136.95332, 0.049036463, 0.76660371, 0.037244237, 2.4912782, 0.036495806, 2.4782301, 0, 0, 0.036495806, 0.036495806, 0.036495806, 2.4782301, 2.4782301, 2.4782301, 0.0043084291, 0.02684254, 1.8893939
1, 6249, 0.71274177, 25.899495, 0.0085420517, 0.70142651, 0.0055286376, 1.0824516, 0.0056113862, 1.0869385, 0, 0, 0.0056113862, 0.0056113862, 0.0056113862, 1.0869385, 1.0869385, 1.0869385, 0.00045502197, 0.007950662, 1.8893939
1, 6072, 0.51476607, 25.899495, 0.0087910542, 0.85733068, 0.0058478106, 1.0938459, 0.0059179991, 1.0980491, 0, 0, 0.0059179991, 0.0059179991, 0.0059179991, 1.0980491, 1.0980491, 1.0980491, 0.00051023136, 0.0081660365, 1.8893939
1, 10492, 0.59874613, 44.970562, 0.015338698, 0.80093884, 0.011728868, 1.472201, 0.011743645, 1.4732053, 0, 0, 0.011743645, 0.011743645, 0.011743645, 1.4732053, 1.4732053, 1.4732053, 0.0011517404, 0.011524643, 1.8893939
1, 21205, 0.72618397, 97.497474, 0.035672914, 0.68750042, 0.023717804, 2.0874829, 0.022925782, 2.0678125, 0, 0, 0.022925782, 0.022925782, 0.022925782, 2.0678125, 2.0678125, 2.0678125, 0.0023092972, 0.018310074, 1.8893939
1, 23279, 0.89259885, 111.05382, 0.042159247, 0.45085174, 0.026188439, 2.1853232, 0.025423754, 2.1662371, 0, 0, 0.025423754, 0.025423754, 0.025423754, 2.1662371, 2.1662371, 2.1662371, 0.0024333333, 0.019627334, 1.8893939
1, 11454, 0.7186815, 51.455844, 0.018395109, 0.69533944, 0.010027351, 1.4924448, 0.010007403, 1.4916588, 0, 0, 0.010007403, 0.010007403, 0.010007403, 1.4916588, 1.4916588, 1.4916588, 0.00067210267, 0.010049182, 1.8893939
1, 12735, 0.70903859, 61.355338, 0.023523173, 0.70516968, 0.012656096, 1.6112392, 0.012675305, 1.6131153, 0, 0, 0.012675305, 0.012675305, 0.012675305, 1.6131153, 1.6131153, 1.6131153, 0.0010009485, 0.0115633, 1.8893939
1, 8521, 0.71156658, 38.384776, 0.013759973, 0.70261866, 0.0083553873, 1.299479, 0.0084772936, 1.3073485, 0, 0, 0.0084772936, 0.0084772936, 0.0084772936, 1.3073485, 1.3073485, 1.3073485, 0.00064996188, 0.0093819436, 1.8893939
1, 21659, 0.72454589, 97.740114, 0.035099216, 0.68922657, 0.02901445, 2.2259984, 0.028835654, 2.2217728, 0, 0, 0.028835654, 0.028835654, 0.028835654, 2.2217728, 2.2217728, 2.2217728, 0.0026606608, 0.021000143, 1.8893939
1, 9663, 0.33922219, 45.455844, 0.017016005, 0.94070625, 0.011152584, 1.446827, 0.011127464, 1.4457575, 0, 0, 0.011127464, 0.011127464, 0.011127464, 1.4457575, 1.4457575, 1.4457575, 0.00094456028, 0.011013981, 1.8893939
1, 9648, 0.89427629, 44.04163, 0.015998513, 0.44751528, 0.01008498, 1.4093808, 0.010039911, 1.4075989, 0, 0, 0.010039911, 0.010039911, 0.010039911, 1.4075989, 1.4075989, 1.4075989, 0.00086154969, 0.010432178, 1.8893939
1, 8627, 0.69395845, 37.556349, 0.013010592, 0.72001505, 0.0081958008, 1.2949572, 0.0079881906, 1.2879823, 0, 0, 0.0079881906, 0.0079881906, 0.0079881906, 1.2879823, 1.2879823, 1.2879823, 0.00078247365, 0.0095690563, 1.8893939
1, 7668, 0.85212243, 38.284271, 0.015210686, 0.52334249, 0.0072730067, 1.2300737, 0.0072072511, 1.2267098, 0, 0, 0.0072072511, 0.0072072511, 0.0072072511, 1.2267098, 1.2267098, 1.2267098, 0.00057728414, 0.0088339246, 1.8893939
1, 19233, 0.93371012, 87.254833, 0.031500837, 0.3580299, 0.019465119, 1.9709229, 0.019220568, 1.9630933, 0, 0, 0.019220568, 0.019220568, 0.019220568, 1.9630933, 1.9630933, 1.9630933, 0.001536464, 0.015177237, 1.8893939
1, 8417, 0.76802015, 38.384776, 0.013929991, 0.64042568, 0.0080864545, 1.2925817, 0.008020699, 1.289448, 0, 0, 0.008020699, 0.008020699, 0.008020699, 1.289448, 1.289448, 1.289448, 0.00064624147, 0.0092640237, 1.8893939
1, 24055, 0.38793592, 104.08326, 0.03583823, 0.92168635, 0.036547524, 2.3305523, 0.035892185, 2.3194963, 0, 0, 0.035892185, 0.035892185, 0.035892185, 2.3194963, 2.3194963, 2.3194963, 0.0046396037, 0.02734573, 1.8893939
1, 7020, 0.64248858, 32.384776, 0.011888712, 0.76629525, 0.0059468134, 1.1420446, 0.0059719335, 1.1433156, 0, 0, 0.0059719335, 0.0059719335, 0.0059719335, 1.1433156, 1.1433156, 1.1433156, 0.00046738441, 0.0080841747, 1.8893939
1, 6380, 0.7668543, 28.142135, 0.0098783305, 0.64182121, 0.0050299299, 1.0798179, 0.0050173698, 1.0795432, 0, 0, 0.0050173698, 0.0050173698, 0.0050173698, 1.0795432, 1.0795432, 1.0795432, 0.00045106455, 0.0076072974, 1.8893939
1, 10271, 0.56071278, 43.79899, 0.01486297, 0.82801038, 0.010110839, 1.408193, 0.010023657, 1.4050973, 0, 0, 0.010023657, 0.010023657, 0.010023657, 1.4050973, 1.4050973, 1.4050973, 0.00096153485, 0.010453618, 1.8893939
1, 6158, 0.75565192, 27.556349, 0.0098128193, 0.65497339, 0.0055862661, 1.0833253, 0.0055493248, 1.0815194, 0, 0, 0.0055493248, 0.0055493248, 0.0055493248, 1.0815194, 1.0815194, 1.0815194, 0.00047467128, 0.0079565093, 1.8893939
1, 11713, 0.5809322, 59.597979, 0.024131541, 0.81395197, 0.009041757, 1.4736613, 0.0090653994, 1.4739629, 0, 0, 0.0090653994, 0.0090653994, 0.0090653994, 1.4739629, 1.4739629, 1.4739629, 0.00074535125, 0.0095027872, 1.8893939
1, 53200, 0.8979481, 260.63456, 0.10161141, 0.44010139, 0.06263031, 3.285255, 0.064301536, 3.3056388, 0, 0, 0.064301536, 0.064301536, 0.064301536, 3.3056388, 3.3056388, 3.3056388, 0.007873659, 0.043674879, 1.8893939
1, 13744, 0.75921119, 64.769552, 0.024289511, 0.65084434, 0.01480608, 1.655645, 0.014789826, 1.6555675, 0, 0, 0.014789826, 0.014789826, 0.014789826, 1.6555675, 1.6555675, 1.6555675, 0.0017643232, 0.013707624, 1.8893939
1, 17299, 0.4488256, 78.426406, 0.028293962, 0.89361936, 0.020394563, 1.8854233, 0.019652781, 1.8680464, 0, 0, 0.019652781, 0.019652781, 0.019652781, 1.8680464, 1.8680464, 1.8680464, 0.0023948757, 0.016985668, 1.8893939
1, 10807, 0.75946701, 48.04163, 0.016994972, 0.65054584, 0.010973788, 1.4735938, 0.010480252, 1.4544335, 0, 0, 0.010480252, 0.010480252, 0.010480252, 1.4544335, 1.4544335, 1.4544335, 0.00096272986, 0.010884042, 1.8893939
1, 8912, 0.71961907, 40.384776, 0.014562982, 0.69436908, 0.0089331495, 1.3428156, 0.0087499206, 1.33416, 0, 0, 0.0087499206, 0.0087499206, 0.0087499206, 1.33416, 1.33416, 1.33416, 0.00073320535, 0.0097753349, 1.8893939
1, 11666, 0.41928962, 52.870057, 0.019067235, 0.90785253, 0.010904338, 1.5236868, 0.01080238, 1.5197062, 0, 0, 0.01080238, 0.01080238, 0.01080238, 1.5197062, 1.5197062, 1.5197062, 0.0008144732, 0.010617991, 1.8893939
1, 7600, 0.32010053, 36.04163, 0.013601456, 0.94738358, 0.0070764789, 1.2211016, 0.0068947276, 1.2125994, 0, 0, 0.0068947276, 0.0068947276, 0.0068947276, 1.2125994, 1.2125994, 1.2125994, 0.00056455203, 0.0087712288, 1.8893939
1, 42687, 0.68503355, 195.72287, 0.071413061, 0.72851151, 0.053320428, 3.0777897, 0.052191453, 3.0526759, 0, 0, 0.052191453, 0.052191453, 0.052191453, 3.0526759, 3.0526759, 3.0526759, 0.0044724299, 0.082658384, 1.8901515
1, 37961, 0.64943946, 180.6518, 0.068412756, 0.76041329, 0.04169228, 2.7447932, 0.041490572, 2.7434611, 0, 0, 0.041490572, 0.041490572, 0.041490572, 2.7434611, 2.7434611, 2.7434611, 0.0051166774, 0.073525924, 1.8901515
1, 19359, 0.70613948, 102.46804, 0.043160259, 0.70807278, 0.015510846, 1.9125937, 0.015537445, 1.9132142, 0, 0, 0.015537445, 0.015537445, 0.015537445, 1.9132142, 1.9132142, 1.9132142, 0.0009679487, 0.033778649, 1.8901515
1, 9278, 0.66687715, 41.79899, 0.014985365, 0.74516767, 0.0088271368, 1.3459392, 0.0088190093, 1.3457831, 0, 0, 0.0088190093, 0.0088190093, 0.0088190093, 1.3457831, 1.3457831, 1.3457831, 0.00075586926, 0.027605171, 1.8901515
1, 5794, 0.549524, 25.313708, 0.008800821, 0.83547795, 0.0053833195, 1.0586998, 0.0053168223, 1.0562211, 0, 0, 0.0053168223, 0.0053168223, 0.0053168223, 1.0562211, 1.0562211, 1.0562211, 0.00052050705, 0.02350665, 1.8901515
1, 17169, 0.83318575, 75.355338, 0.02631923, 0.55299324, 0.020582368, 1.8966499, 0.02056168, 1.8968266, 0, 0, 0.02056168, 0.02056168, 0.02056168, 1.8968266, 1.8968266, 1.8968266, 0.0021763991, 0.043777511, 1.8901515
1, 15513, 0.65715495, 71.941125, 0.026549038, 0.75375551, 0.015420706, 1.7362312, 0.015322438, 1.7346987, 0, 0, 0.015322438, 0.015322438, 0.015322438, 1.7346987, 1.7346987, 1.7346987, 0.0019392283, 0.036889618, 1.8901515
1, 5830, 0.79815786, 26.142135, 0.0093283257, 0.60244834, 0.0051505793, 1.0500723, 0.0051638787, 1.0507074, 0, 0, 0.0051638787, 0.0051638787, 0.0051638787, 1.0507074, 1.0507074, 1.0507074, 0.0004596787, 0.023128517, 1.8901515
1, 9918, 0.82433744, 49.941125, 0.02001164, 0.56609875, 0.0084909564, 1.3732124, 0.0085256827, 1.3744397, 0, 0, 0.0085256827, 0.0085256827, 0.0085256827, 1.3744397, 1.3744397, 1.3744397, 0.00065830199, 0.026754188, 1.8901515
1, 29046, 0.73488538, 133.88225, 0.049107724, 0.6781913, 0.03716382, 2.4890999, 0.037135004, 2.490977, 0, 0, 0.037135004, 0.037135004, 0.037135004, 2.490977, 2.490977, 2.490977, 0.0043203151, 0.067625582, 1.8901515
1, 11228, 0.79389531, 53.112698, 0.019993299, 0.60805446, 0.0095792942, 1.4581801, 0.0095445679, 1.4572753, 0, 0, 0.0095445679, 0.0095445679, 0.0095445679, 1.4572753, 1.4572753, 1.4572753, 0.000778922, 0.017115837, 1.8901515
1, 8093, 0.74776505, 37.79899, 0.014048856, 0.66396344, 0.007831895, 1.2623872, 0.0077203275, 1.2581847, 0, 0, 0.0077203275, 0.0077203275, 0.0077203275, 1.2581847, 1.2581847, 1.2581847, 0.00073747127, 0.026527308, 1.8901515
1, 15272, 0.70505634, 73.84062, 0.028410893, 0.70915127, 0.015214564, 1.7578415, 0.015164322, 1.7561417, 0, 0, 0.015164322, 0.015164322, 0.015164322, 1.7561417, 1.7561417, 1.7561417, 0.0011943475, 0.034919656, 1.8901515
1, 9599, 0.811466, 43.213203, 0.015480931, 0.58439964, 0.0087140915, 1.3694853, 0.0086882315, 1.3684592, 0, 0, 0.0086882315, 0.0086882315, 0.0086882315, 1.3684592, 1.3684592, 1.3684592, 0.00065373827, 0.026972991, 1.8901515
1, 6372, 0.75926495, 28.970562, 0.010481615, 0.65078163, 0.0060165209, 1.1213584, 0.0059758837, 1.11896, 0, 0, 0.0059758837, 0.0059758837, 0.0059758837, 1.11896, 1.11896, 1.11896, 0.00047303416, 0.023933977, 1.8901515
1, 6043, 0.48834384, 27.556349, 0.00999956, 0.87265128, 0.0060283426, 1.1093922, 0.0059374631, 1.1036941, 0, 0, 0.0059374631, 0.0059374631, 0.0059374631, 1.1036941, 1.1036941, 1.1036941, 0.00048647818, 0.024021352, 1.8901515
1, 7358, 0.94393896, 31.313708, 0.010604724, 0.33012006, 0.0068920676, 1.2113256, 0.006843303, 1.2084398, 0, 0, 0.006843303, 0.006843303, 0.006843303, 1.2084398, 1.2084398, 1.2084398, 0.00049730559, 0.024859852, 1.8901515
1, 8145, 0.68790464, 37.213203, 0.013529855, 0.72580105, 0.0073405544, 1.2588357, 0.0071935217, 1.2518381, 0, 0, 0.0071935217, 0.0071935217, 0.0071935217, 1.2518381, 1.2518381, 1.2518381, 0.0005503819, 0.025458257, 1.8901515
1, 16000, 0.68658374, 73.597979, 0.026940269, 0.72705072, 0.016537859, 1.7689663, 0.016243055, 1.7630337, 0, 0, 0.016243055, 0.016243055, 0.016243055, 1.7630337, 1.7630337, 1.7630337, 0.0019015451, 0.038198032, 1.8901515
1, 6474, 0.46417801, 28.727922, 0.010144388, 0.88574195, 0.005916775, 1.1115144, 0.0058510167, 1.1081837, 0, 0, 0.0058510167, 0.0058510167, 0.0058510167, 1.1081837, 1.1081837, 1.1081837, 0.00050025905, 0.023872301, 1.8901515
1, 8193, 0.75882557, 38.04163, 0.014056119, 0.65129393, 0.0072496749, 1.2515527, 0.0071159416, 1.2460674, 0, 0, 0.0071159416, 0.0071159416, 0.0071159416, 1.2460674, 1.2460674, 1.2460674, 0.00057758595, 0.025342981, 1.8901515
1, 18773, 0.58325174, 88.08326, 0.032888436, 0.81229144, 0.01795425, 1.9215703, 0.017366858, 1.904262, 0, 0, 0.017366858, 0.017366858, 0.017366858, 1.904262, 1.904262, 1.904262, 0.0014210758, 0.037990242, 1.8901515
1, 10702, 0.50637865, 54.526911, 0.022107874, 0.86231124, 0.0090790874, 1.4326675, 0.0089084112, 1.4258606, 0, 0, 0.0089084112, 0.0089084112, 0.0089084112, 1.4258606, 1.4258606, 1.4258606, 0.00060047477, 0.027011171, 1.8901515
1, 7412, 0.7762841, 32.970562, 0.011670983, 0.63038319, 0.0073161721, 1.2116025, 0.0070250621, 1.1981655, 0, 0, 0.0070250621, 0.0070250621, 0.0070250621, 1.1981655, 1.1981655, 1.1981655, 0.00064984622, 0.025795272, 1.8901515
1, 12537, 0.91062478, 65.012193, 0.026827867, 0.4132342, 0.010631428, 1.5533214, 0.010482179, 1.5472348, 0, 0, 0.010482179, 0.010482179, 0.010482179, 1.5472348, 1.5472348, 1.5472348, 0.0006742999, 0.028589785, 1.8901515
1, 11135, 0.90034904, 50.284271, 0.018070253, 0.43516847, 0.012050035, 1.514514, 0.011570517, 1.4946299, 0, 0, 0.011570517, 0.011570517, 0.011570517, 1.4946299, 1.4946299, 1.4946299, 0.0010576149, 0.031456252, 1.8901515
1, 19867, 0.94974803, 103.63961, 0.043023861, 0.31301549, 0.018386482, 1.9916411, 0.018416775, 1.9929761, 0, 0, 0.018416775, 0.018416775, 0.018416775, 1.9929761, 1.9929761, 1.9929761, 0.0011802395, 0.037311071, 1.8901515
1, 8525, 0.75523342, 39.79899, 0.01478563, 0.65545595, 0.0089859913, 1.3303035, 0.0091167691, 1.3384325, 0, 0, 0.0091167691, 0.0091167691, 0.0091167691, 1.3384325, 1.3384325, 1.3384325, 0.00071828533, 0.027384899, 1.8901515
1, 21441, 0.74291222, 91.84062, 0.031305072, 0.66938883, 0.028301956, 2.1788492, 0.027904451, 2.1668178, 0, 0, 0.027904451, 0.027904451, 0.027904451, 2.1668178, 2.1668178, 2.1668178, 0.002647809, 0.052215382, 1.8901515
1, 26376, 0.6039328, 112.56854, 0.038230967, 0.79703522, 0.03874867, 2.466113, 0.038977716, 2.4744488, 0, 0, 0.038977716, 0.038977716, 0.038977716, 2.4744488, 2.4744488, 2.4744488, 0.0036916786, 0.065914072, 1.8901515
1, 11281, 0.85670785, 49.213203, 0.017084639, 0.51580197, 0.011597115, 1.5233067, 0.011927385, 1.5399564, 0, 0, 0.011927385, 0.011927385, 0.011927385, 1.5399564, 1.5399564, 1.5399564, 0.00091336202, 0.030484854, 1.8901515
